,#,HP,Attack,Defense,Sp. Atk,Sp. Def,Speed,Bug,Dark,Dragon,Electric,Fairy,Fighting,Fire,Flying,Ghost,Grass,Ground,Ice,Normal,Poison,Psychic,Rock,Steel,Water,
0,1,45,49,49,65,65,45,0,0,0,0,0,0,0,0,0,1,0,0,0,1,0,0,0,0,0
1,2,60,62,63,80,80,60,0,0,0,0,0,0,0,0,0,1,0,0,0,1,0,0,0,0,0
2,3,80,82,83,100,100,80,0,0,0,0,0,0,0,0,0,1,0,0,0,1,0,0,0,0,0
3,4,80,100,123,122,120,80,0,0,0,0,0,0,0,0,0,1,0,0,0,1,0,0,0,0,0
4,5,39,52,43,60,50,65,0,0,0,0,0,0,1,0,0,0,0,0,0,0,0,0,0,0,1
5,6,58,64,58,80,65,80,0,0,0,0,0,0,1,0,0,0,0,0,0,0,0,0,0,0,1
6,7,78,84,78,109,85,100,0,0,0,0,0,0,1,1,0,0,0,0,0,0,0,0,0,0,0
7,8,78,130,111,130,85,100,0,0,1,0,0,0,1,0,0,0,0,0,0,0,0,0,0,0,0
8,9,78,104,78,159,115,100,0,0,0,0,0,0,1,1,0,0,0,0,0,0,0,0,0,0,0
9,10,44,48,65,50,64,43,0,0,0,0,0,0,0,0,0,0,0,0,0,0,0,0,0,1,1
10,11,59,63,80,65,80,58,0,0,0,0,0,0,0,0,0,0,0,0,0,0,0,0,0,1,1
11,12,79,83,100,85,105,78,0,0,0,0,0,0,0,0,0,0,0,0,0,0,0,0,0,1,1
12,13,79,103,120,135,115,78,0,0,0,0,0,0,0,0,0,0,0,0,0,0,0,0,0,1,1
13,14,45,30,35,20,20,45,1,0,0,0,0,0,0,0,0,0,0,0,0,0,0,0,0,0,1
14,15,50,20,55,25,25,30,1,0,0,0,0,0,0,0,0,0,0,0,0,0,0,0,0,0,1
15,16,60,45,50,90,80,70,1,0,0,0,0,0,0,1,0,0,0,0,0,0,0,0,0,0,0
16,17,40,35,30,20,20,50,1,0,0,0,0,0,0,0,0,0,0,0,0,1,0,0,0,0,0
17,18,45,25,50,25,25,35,1,0,0,0,0,0,0,0,0,0,0,0,0,1,0,0,0,0,0
18,19,65,90,40,45,80,75,1,0,0,0,0,0,0,0,0,0,0,0,0,1,0,0,0,0,0
19,20,65,150,40,15,80,145,1,0,0,0,0,0,0,0,0,0,0,0,0,1,0,0,0,0,0
20,21,40,45,40,35,35,56,0,0,0,0,0,0,0,1,0,0,0,0,1,0,0,0,0,0,0
21,22,63,60,55,50,50,71,0,0,0,0,0,0,0,1,0,0,0,0,1,0,0,0,0,0,0
22,23,83,80,75,70,70,101,0,0,0,0,0,0,0,1,0,0,0,0,1,0,0,0,0,0,0
23,24,83,80,80,135,80,121,0,0,0,0,0,0,0,1,0,0,0,0,1,0,0,0,0,0,0
24,25,30,56,35,25,35,72,0,0,0,0,0,0,0,0,0,0,0,0,1,0,0,0,0,0,1
25,26,55,81,60,50,70,97,0,0,0,0,0,0,0,0,0,0,0,0,1,0,0,0,0,0,1
26,27,40,60,30,31,31,70,0,0,0,0,0,0,0,1,0,0,0,0,1,0,0,0,0,0,0
27,28,65,90,65,61,61,100,0,0,0,0,0,0,0,1,0,0,0,0,1,0,0,0,0,0,0
28,29,35,60,44,40,54,55,0,0,0,0,0,0,0,0,0,0,0,0,0,1,0,0,0,0,1
29,30,60,85,69,65,79,80,0,0,0,0,0,0,0,0,0,0,0,0,0,1,0,0,0,0,1
30,31,35,55,40,50,50,90,0,0,0,1,0,0,0,0,0,0,0,0,0,0,0,0,0,0,1
31,32,60,90,55,90,80,110,0,0,0,1,0,0,0,0,0,0,0,0,0,0,0,0,0,0,1
32,33,50,75,85,20,30,40,0,0,0,0,0,0,0,0,0,0,1,0,0,0,0,0,0,0,1
33,34,75,100,110,45,55,65,0,0,0,0,0,0,0,0,0,0,1,0,0,0,0,0,0,0,1
34,35,55,47,52,40,40,41,0,0,0,0,0,0,0,0,0,0,0,0,0,1,0,0,0,0,1
35,36,70,62,67,55,55,56,0,0,0,0,0,0,0,0,0,0,0,0,0,1,0,0,0,0,1
36,37,90,92,87,75,85,76,0,0,0,0,0,0,0,0,0,0,1,0,0,1,0,0,0,0,0
37,38,46,57,40,40,40,50,0,0,0,0,0,0,0,0,0,0,0,0,0,1,0,0,0,0,1
38,39,61,72,57,55,55,65,0,0,0,0,0,0,0,0,0,0,0,0,0,1,0,0,0,0,1
39,40,81,102,77,85,75,85,0,0,0,0,0,0,0,0,0,0,1,0,0,1,0,0,0,0,0
40,41,70,45,48,60,65,35,0,0,0,0,1,0,0,0,0,0,0,0,0,0,0,0,0,0,1
41,42,95,70,73,95,90,60,0,0,0,0,1,0,0,0,0,0,0,0,0,0,0,0,0,0,1
42,43,38,41,40,50,65,65,0,0,0,0,0,0,1,0,0,0,0,0,0,0,0,0,0,0,1
43,44,73,76,75,81,100,100,0,0,0,0,0,0,1,0,0,0,0,0,0,0,0,0,0,0,1
44,45,115,45,20,45,25,20,0,0,0,0,1,0,0,0,0,0,0,0,1,0,0,0,0,0,0
45,46,140,70,45,85,50,45,0,0,0,0,1,0,0,0,0,0,0,0,1,0,0,0,0,0,0
46,47,40,45,35,30,40,55,0,0,0,0,0,0,0,1,0,0,0,0,0,1,0,0,0,0,0
47,48,75,80,70,65,75,90,0,0,0,0,0,0,0,1,0,0,0,0,0,1,0,0,0,0,0
48,49,45,50,55,75,65,30,0,0,0,0,0,0,0,0,0,1,0,0,0,1,0,0,0,0,0
49,50,60,65,70,85,75,40,0,0,0,0,0,0,0,0,0,1,0,0,0,1,0,0,0,0,0
50,51,75,80,85,110,90,50,0,0,0,0,0,0,0,0,0,1,0,0,0,1,0,0,0,0,0
51,52,35,70,55,45,55,25,1,0,0,0,0,0,0,0,0,1,0,0,0,0,0,0,0,0,0
52,53,60,95,80,60,80,30,1,0,0,0,0,0,0,0,0,1,0,0,0,0,0,0,0,0,0
53,54,60,55,50,40,55,45,1,0,0,0,0,0,0,0,0,0,0,0,0,1,0,0,0,0,0
54,55,70,65,60,90,75,90,1,0,0,0,0,0,0,0,0,0,0,0,0,1,0,0,0,0,0
55,56,10,55,25,35,45,95,0,0,0,0,0,0,0,0,0,0,1,0,0,0,0,0,0,0,1
56,57,35,80,50,50,70,120,0,0,0,0,0,0,0,0,0,0,1,0,0,0,0,0,0,0,1
57,58,40,45,35,40,40,90,0,0,0,0,0,0,0,0,0,0,0,0,1,0,0,0,0,0,1
58,59,65,70,60,65,65,115,0,0,0,0,0,0,0,0,0,0,0,0,1,0,0,0,0,0,1
59,60,50,52,48,65,50,55,0,0,0,0,0,0,0,0,0,0,0,0,0,0,0,0,0,1,1
60,61,80,82,78,95,80,85,0,0,0,0,0,0,0,0,0,0,0,0,0,0,0,0,0,1,1
61,62,40,80,35,35,45,70,0,0,0,0,0,1,0,0,0,0,0,0,0,0,0,0,0,0,1
62,63,65,105,60,60,70,95,0,0,0,0,0,1,0,0,0,0,0,0,0,0,0,0,0,0,1
63,64,55,70,45,70,50,60,0,0,0,0,0,0,1,0,0,0,0,0,0,0,0,0,0,0,1
64,65,90,110,80,100,80,95,0,0,0,0,0,0,1,0,0,0,0,0,0,0,0,0,0,0,1
65,66,40,50,40,40,40,90,0,0,0,0,0,0,0,0,0,0,0,0,0,0,0,0,0,1,1
66,67,65,65,65,50,50,90,0,0,0,0,0,0,0,0,0,0,0,0,0,0,0,0,0,1,1
67,68,90,95,95,70,90,70,0,0,0,0,0,1,0,0,0,0,0,0,0,0,0,0,0,1,0
68,69,25,20,15,105,55,90,0,0,0,0,0,0,0,0,0,0,0,0,0,0,1,0,0,0,1
69,70,40,35,30,120,70,105,0,0,0,0,0,0,0,0,0,0,0,0,0,0,1,0,0,0,1
70,71,55,50,45,135,95,120,0,0,0,0,0,0,0,0,0,0,0,0,0,0,1,0,0,0,1
71,72,55,50,65,175,95,150,0,0,0,0,0,0,0,0,0,0,0,0,0,0,1,0,0,0,1
72,73,70,80,50,35,35,35,0,0,0,0,0,1,0,0,0,0,0,0,0,0,0,0,0,0,1
73,74,80,100,70,50,60,45,0,0,0,0,0,1,0,0,0,0,0,0,0,0,0,0,0,0,1
74,75,90,130,80,65,85,55,0,0,0,0,0,1,0,0,0,0,0,0,0,0,0,0,0,0,1
75,76,50,75,35,70,30,40,0,0,0,0,0,0,0,0,0,1,0,0,0,1,0,0,0,0,0
76,77,65,90,50,85,45,55,0,0,0,0,0,0,0,0,0,1,0,0,0,1,0,0,0,0,0
77,78,80,105,65,100,70,70,0,0,0,0,0,0,0,0,0,1,0,0,0,1,0,0,0,0,0
78,79,40,40,35,50,100,70,0,0,0,0,0,0,0,0,0,0,0,0,0,1,0,0,0,1,0
79,80,80,70,65,80,120,100,0,0,0,0,0,0,0,0,0,0,0,0,0,1,0,0,0,1,0
80,81,40,80,100,30,30,20,0,0,0,0,0,0,0,0,0,0,1,0,0,0,0,1,0,0,0
81,82,55,95,115,45,45,35,0,0,0,0,0,0,0,0,0,0,1,0,0,0,0,1,0,0,0
82,83,80,120,130,55,65,45,0,0,0,0,0,0,0,0,0,0,1,0,0,0,0,1,0,0,0
83,84,50,85,55,65,65,90,0,0,0,0,0,0,1,0,0,0,0,0,0,0,0,0,0,0,1
84,85,65,100,70,80,80,105,0,0,0,0,0,0,1,0,0,0,0,0,0,0,0,0,0,0,1
85,86,90,65,65,40,40,15,0,0,0,0,0,0,0,0,0,0,0,0,0,0,1,0,0,1,0
86,87,95,75,110,100,80,30,0,0,0,0,0,0,0,0,0,0,0,0,0,0,1,0,0,1,0
87,88,95,75,180,130,80,30,0,0,0,0,0,0,0,0,0,0,0,0,0,0,1,0,0,1,0
88,89,25,35,70,95,55,45,0,0,0,1,0,0,0,0,0,0,0,0,0,0,0,0,1,0,0
89,90,50,60,95,120,70,70,0,0,0,1,0,0,0,0,0,0,0,0,0,0,0,0,1,0,0
90,91,52,65,55,58,62,60,0,0,0,0,0,0,0,1,0,0,0,0,1,0,0,0,0,0,0
91,92,35,85,45,35,35,75,0,0,0,0,0,0,0,1,0,0,0,0,1,0,0,0,0,0,0
92,93,60,110,70,60,60,100,0,0,0,0,0,0,0,1,0,0,0,0,1,0,0,0,0,0,0
93,94,65,45,55,45,70,45,0,0,0,0,0,0,0,0,0,0,0,0,0,0,0,0,0,1,1
94,95,90,70,80,70,95,70,0,0,0,0,0,0,0,0,0,0,0,1,0,0,0,0,0,1,0
95,96,80,80,50,40,50,25,0,0,0,0,0,0,0,0,0,0,0,0,0,1,0,0,0,0,1
96,97,105,105,75,65,100,50,0,0,0,0,0,0,0,0,0,0,0,0,0,1,0,0,0,0,1
97,98,30,65,100,45,25,40,0,0,0,0,0,0,0,0,0,0,0,0,0,0,0,0,0,1,1
98,99,50,95,180,85,45,70,0,0,0,0,0,0,0,0,0,0,0,1,0,0,0,0,0,1,0
99,100,30,35,30,100,35,80,0,0,0,0,0,0,0,0,1,0,0,0,0,1,0,0,0,0,0
100,101,45,50,45,115,55,95,0,0,0,0,0,0,0,0,1,0,0,0,0,1,0,0,0,0,0
101,102,60,65,60,130,75,110,0,0,0,0,0,0,0,0,1,0,0,0,0,1,0,0,0,0,0
102,103,60,65,80,170,95,130,0,0,0,0,0,0,0,0,1,0,0,0,0,1,0,0,0,0,0
103,104,35,45,160,30,45,70,0,0,0,0,0,0,0,0,0,0,1,0,0,0,0,1,0,0,0
104,105,60,48,45,43,90,42,0,0,0,0,0,0,0,0,0,0,0,0,0,0,1,0,0,0,1
105,106,85,73,70,73,115,67,0,0,0,0,0,0,0,0,0,0,0,0,0,0,1,0,0,0,1
106,107,30,105,90,25,25,50,0,0,0,0,0,0,0,0,0,0,0,0,0,0,0,0,0,1,1
107,108,55,130,115,50,50,75,0,0,0,0,0,0,0,0,0,0,0,0,0,0,0,0,0,1,1
108,109,40,30,50,55,55,100,0,0,0,1,0,0,0,0,0,0,0,0,0,0,0,0,0,0,1
109,110,60,50,70,80,80,140,0,0,0,1,0,0,0,0,0,0,0,0,0,0,0,0,0,0,1
110,111,60,40,80,60,45,40,0,0,0,0,0,0,0,0,0,1,0,0,0,0,1,0,0,0,0
111,112,95,95,85,125,65,55,0,0,0,0,0,0,0,0,0,1,0,0,0,0,1,0,0,0,0
112,113,50,50,95,40,50,35,0,0,0,0,0,0,0,0,0,0,1,0,0,0,0,0,0,0,1
113,114,60,80,110,50,80,45,0,0,0,0,0,0,0,0,0,0,1,0,0,0,0,0,0,0,1
114,115,50,120,53,35,110,87,0,0,0,0,0,1,0,0,0,0,0,0,0,0,0,0,0,0,1
115,116,50,105,79,35,110,76,0,0,0,0,0,1,0,0,0,0,0,0,0,0,0,0,0,0,1
116,117,90,55,75,60,75,30,0,0,0,0,0,0,0,0,0,0,0,0,1,0,0,0,0,0,1
117,118,40,65,95,60,45,35,0,0,0,0,0,0,0,0,0,0,0,0,0,1,0,0,0,0,1
118,119,65,90,120,85,70,60,0,0,0,0,0,0,0,0,0,0,0,0,0,1,0,0,0,0,1
119,120,80,85,95,30,30,25,0,0,0,0,0,0,0,0,0,0,1,0,0,0,0,1,0,0,0
120,121,105,130,120,45,45,40,0,0,0,0,0,0,0,0,0,0,1,0,0,0,0,1,0,0,0
121,122,250,5,5,35,105,50,0,0,0,0,0,0,0,0,0,0,0,0,1,0,0,0,0,0,1
122,123,65,55,115,100,40,60,0,0,0,0,0,0,0,0,0,1,0,0,0,0,0,0,0,0,1
123,124,105,95,80,40,80,90,0,0,0,0,0,0,0,0,0,0,0,0,1,0,0,0,0,0,1
124,125,105,125,100,60,100,100,0,0,0,0,0,0,0,0,0,0,0,0,1,0,0,0,0,0,1
125,126,30,40,70,70,25,60,0,0,0,0,0,0,0,0,0,0,0,0,0,0,0,0,0,1,1
126,127,55,65,95,95,45,85,0,0,0,0,0,0,0,0,0,0,0,0,0,0,0,0,0,1,1
127,128,45,67,60,35,50,63,0,0,0,0,0,0,0,0,0,0,0,0,0,0,0,0,0,1,1
128,129,80,92,65,65,80,68,0,0,0,0,0,0,0,0,0,0,0,0,0,0,0,0,0,1,1
129,130,30,45,55,70,55,85,0,0,0,0,0,0,0,0,0,0,0,0,0,0,0,0,0,1,1
130,131,60,75,85,100,85,115,0,0,0,0,0,0,0,0,0,0,0,0,0,0,1,0,0,1,0
131,132,40,45,65,100,120,90,0,0,0,0,1,0,0,0,0,0,0,0,0,0,1,0,0,0,0
132,133,70,110,80,55,80,105,1,0,0,0,0,0,0,1,0,0,0,0,0,0,0,0,0,0,0
133,134,65,50,35,115,95,95,0,0,0,0,0,0,0,0,0,0,0,1,0,0,1,0,0,0,0
134,135,65,83,57,95,85,105,0,0,0,1,0,0,0,0,0,0,0,0,0,0,0,0,0,0,1
135,136,65,95,57,100,85,93,0,0,0,0,0,0,1,0,0,0,0,0,0,0,0,0,0,0,1
136,137,65,125,100,55,70,85,1,0,0,0,0,0,0,0,0,0,0,0,0,0,0,0,0,0,1
137,138,65,155,120,65,90,105,1,0,0,0,0,0,0,1,0,0,0,0,0,0,0,0,0,0,0
138,139,75,100,95,40,70,110,0,0,0,0,0,0,0,0,0,0,0,0,1,0,0,0,0,0,1
139,140,20,10,55,15,20,80,0,0,0,0,0,0,0,0,0,0,0,0,0,0,0,0,0,1,1
140,141,95,125,79,60,100,81,0,0,0,0,0,0,0,1,0,0,0,0,0,0,0,0,0,1,0
141,142,95,155,109,70,130,81,0,1,0,0,0,0,0,0,0,0,0,0,0,0,0,0,0,1,0
142,143,130,85,80,85,95,60,0,0,0,0,0,0,0,0,0,0,0,1,0,0,0,0,0,1,0
143,144,48,48,48,48,48,48,0,0,0,0,0,0,0,0,0,0,0,0,1,0,0,0,0,0,1
144,145,55,55,50,45,65,55,0,0,0,0,0,0,0,0,0,0,0,0,1,0,0,0,0,0,1
145,146,130,65,60,110,95,65,0,0,0,0,0,0,0,0,0,0,0,0,0,0,0,0,0,1,1
146,147,65,65,60,110,95,130,0,0,0,1,0,0,0,0,0,0,0,0,0,0,0,0,0,0,1
147,148,65,130,60,95,110,65,0,0,0,0,0,0,1,0,0,0,0,0,0,0,0,0,0,0,1
148,149,65,60,70,85,75,40,0,0,0,0,0,0,0,0,0,0,0,0,1,0,0,0,0,0,1
149,150,35,40,100,90,55,35,0,0,0,0,0,0,0,0,0,0,0,0,0,0,0,1,0,1,0
150,151,70,60,125,115,70,55,0,0,0,0,0,0,0,0,0,0,0,0,0,0,0,1,0,1,0
151,152,30,80,90,55,45,55,0,0,0,0,0,0,0,0,0,0,0,0,0,0,0,1,0,1,0
152,153,60,115,105,65,70,80,0,0,0,0,0,0,0,0,0,0,0,0,0,0,0,1,0,1,0
153,154,80,105,65,60,75,130,0,0,0,0,0,0,0,1,0,0,0,0,0,0,0,1,0,0,0
154,155,80,135,85,70,95,150,0,0,0,0,0,0,0,1,0,0,0,0,0,0,0,1,0,0,0
155,156,160,110,65,65,110,30,0,0,0,0,0,0,0,0,0,0,0,0,1,0,0,0,0,0,1
156,157,90,85,100,95,125,85,0,0,0,0,0,0,0,1,0,0,0,1,0,0,0,0,0,0,0
157,158,90,90,85,125,90,100,0,0,0,1,0,0,0,1,0,0,0,0,0,0,0,0,0,0,0
158,159,90,100,90,125,85,90,0,0,0,0,0,0,1,1,0,0,0,0,0,0,0,0,0,0,0
159,160,41,64,45,50,50,50,0,0,1,0,0,0,0,0,0,0,0,0,0,0,0,0,0,0,1
160,161,61,84,65,70,70,70,0,0,1,0,0,0,0,0,0,0,0,0,0,0,0,0,0,0,1
161,162,91,134,95,100,100,80,0,0,1,0,0,0,0,1,0,0,0,0,0,0,0,0,0,0,0
162,163,106,110,90,154,90,130,0,0,0,0,0,0,0,0,0,0,0,0,0,0,1,0,0,0,1
163,164,106,190,100,154,100,130,0,0,0,0,0,1,0,0,0,0,0,0,0,0,1,0,0,0,0
164,165,106,150,70,194,120,140,0,0,0,0,0,0,0,0,0,0,0,0,0,0,1,0,0,0,1
165,166,100,100,100,100,100,100,0,0,0,0,0,0,0,0,0,0,0,0,0,0,1,0,0,0,1
166,167,45,49,65,49,65,45,0,0,0,0,0,0,0,0,0,1,0,0,0,0,0,0,0,0,1
167,168,60,62,80,63,80,60,0,0,0,0,0,0,0,0,0,1,0,0,0,0,0,0,0,0,1
168,169,80,82,100,83,100,80,0,0,0,0,0,0,0,0,0,1,0,0,0,0,0,0,0,0,1
169,170,39,52,43,60,50,65,0,0,0,0,0,0,1,0,0,0,0,0,0,0,0,0,0,0,1
170,171,58,64,58,80,65,80,0,0,0,0,0,0,1,0,0,0,0,0,0,0,0,0,0,0,1
171,172,78,84,78,109,85,100,0,0,0,0,0,0,1,0,0,0,0,0,0,0,0,0,0,0,1
172,173,50,65,64,44,48,43,0,0,0,0,0,0,0,0,0,0,0,0,0,0,0,0,0,1,1
173,174,65,80,80,59,63,58,0,0,0,0,0,0,0,0,0,0,0,0,0,0,0,0,0,1,1
174,175,85,105,100,79,83,78,0,0,0,0,0,0,0,0,0,0,0,0,0,0,0,0,0,1,1
175,176,35,46,34,35,45,20,0,0,0,0,0,0,0,0,0,0,0,0,1,0,0,0,0,0,1
176,177,85,76,64,45,55,90,0,0,0,0,0,0,0,0,0,0,0,0,1,0,0,0,0,0,1
177,178,60,30,30,36,56,50,0,0,0,0,0,0,0,1,0,0,0,0,1,0,0,0,0,0,0
178,179,100,50,50,76,96,70,0,0,0,0,0,0,0,1,0,0,0,0,1,0,0,0,0,0,0
179,180,40,20,30,40,80,55,1,0,0,0,0,0,0,1,0,0,0,0,0,0,0,0,0,0,0
180,181,55,35,50,55,110,85,1,0,0,0,0,0,0,1,0,0,0,0,0,0,0,0,0,0,0
181,182,40,60,40,40,40,30,1,0,0,0,0,0,0,0,0,0,0,0,0,1,0,0,0,0,0
182,183,70,90,70,60,60,40,1,0,0,0,0,0,0,0,0,0,0,0,0,1,0,0,0,0,0
183,184,85,90,80,70,80,130,0,0,0,0,0,0,0,1,0,0,0,0,0,1,0,0,0,0,0
184,185,75,38,38,56,56,67,0,0,0,1,0,0,0,0,0,0,0,0,0,0,0,0,0,1,0
185,186,125,58,58,76,76,67,0,0,0,1,0,0,0,0,0,0,0,0,0,0,0,0,0,1,0
186,187,20,40,15,35,35,60,0,0,0,1,0,0,0,0,0,0,0,0,0,0,0,0,0,0,1
187,188,50,25,28,45,55,15,0,0,0,0,1,0,0,0,0,0,0,0,0,0,0,0,0,0,1
188,189,90,30,15,40,20,15,0,0,0,0,1,0,0,0,0,0,0,0,1,0,0,0,0,0,0
189,190,35,20,65,40,65,20,0,0,0,0,1,0,0,0,0,0,0,0,0,0,0,0,0,0,1
190,191,55,40,85,80,105,40,0,0,0,0,1,0,0,1,0,0,0,0,0,0,0,0,0,0,0
191,192,40,50,45,70,45,70,0,0,0,0,0,0,0,1,0,0,0,0,0,0,1,0,0,0,0
192,193,65,75,70,95,70,95,0,0,0,0,0,0,0,1,0,0,0,0,0,0,1,0,0,0,0
193,194,55,40,40,65,45,35,0,0,0,1,0,0,0,0,0,0,0,0,0,0,0,0,0,0,1
194,195,70,55,55,80,60,45,0,0,0,1,0,0,0,0,0,0,0,0,0,0,0,0,0,0,1
195,196,90,75,85,115,90,55,0,0,0,1,0,0,0,0,0,0,0,0,0,0,0,0,0,0,1
196,197,90,95,105,165,110,45,0,0,1,1,0,0,0,0,0,0,0,0,0,0,0,0,0,0,0
197,198,75,80,95,90,100,50,0,0,0,0,0,0,0,0,0,1,0,0,0,0,0,0,0,0,1
198,199,70,20,50,20,50,40,0,0,0,0,1,0,0,0,0,0,0,0,0,0,0,0,0,1,0
199,200,100,50,80,60,80,50,0,0,0,0,1,0,0,0,0,0,0,0,0,0,0,0,0,1,0
200,201,70,100,115,30,65,30,0,0,0,0,0,0,0,0,0,0,0,0,0,0,0,1,0,0,1
201,202,90,75,75,90,100,70,0,0,0,0,0,0,0,0,0,0,0,0,0,0,0,0,0,1,1
202,203,35,35,40,35,55,50,0,0,0,0,0,0,0,1,0,1,0,0,0,0,0,0,0,0,0
203,204,55,45,50,45,65,80,0,0,0,0,0,0,0,1,0,1,0,0,0,0,0,0,0,0,0
204,205,75,55,70,55,95,110,0,0,0,0,0,0,0,1,0,1,0,0,0,0,0,0,0,0,0
205,206,55,70,55,40,55,85,0,0,0,0,0,0,0,0,0,0,0,0,1,0,0,0,0,0,1
206,207,30,30,30,30,30,30,0,0,0,0,0,0,0,0,0,1,0,0,0,0,0,0,0,0,1
207,208,75,75,55,105,85,30,0,0,0,0,0,0,0,0,0,1,0,0,0,0,0,0,0,0,1
208,209,65,65,45,75,45,95,1,0,0,0,0,0,0,1,0,0,0,0,0,0,0,0,0,0,0
209,210,55,45,45,25,25,15,0,0,0,0,0,0,0,0,0,0,1,0,0,0,0,0,0,1,0
210,211,95,85,85,65,65,35,0,0,0,0,0,0,0,0,0,0,1,0,0,0,0,0,0,1,0
211,212,65,65,60,130,95,110,0,0,0,0,0,0,0,0,0,0,0,0,0,0,1,0,0,0,1
212,213,95,65,110,60,130,65,0,1,0,0,0,0,0,0,0,0,0,0,0,0,0,0,0,0,1
213,214,60,85,42,85,42,91,0,1,0,0,0,0,0,1,0,0,0,0,0,0,0,0,0,0,0
214,215,95,75,80,100,110,30,0,0,0,0,0,0,0,0,0,0,0,0,0,0,1,0,0,1,0
215,216,60,60,60,85,85,85,0,0,0,0,0,0,0,0,1,0,0,0,0,0,0,0,0,0,1
216,217,48,72,48,72,48,48,0,0,0,0,0,0,0,0,0,0,0,0,0,0,1,0,0,0,1
217,218,190,33,58,33,58,33,0,0,0,0,0,0,0,0,0,0,0,0,0,0,1,0,0,0,1
218,219,70,80,65,90,65,85,0,0,0,0,0,0,0,0,0,0,0,0,1,0,1,0,0,0,0
219,220,50,65,90,35,35,15,1,0,0,0,0,0,0,0,0,0,0,0,0,0,0,0,0,0,1
220,221,75,90,140,60,60,40,1,0,0,0,0,0,0,0,0,0,0,0,0,0,0,0,1,0,0
221,222,100,70,70,65,65,45,0,0,0,0,0,0,0,0,0,0,0,0,1,0,0,0,0,0,1
222,223,65,75,105,35,65,85,0,0,0,0,0,0,0,1,0,0,1,0,0,0,0,0,0,0,0
223,224,75,85,200,55,65,30,0,0,0,0,0,0,0,0,0,0,1,0,0,0,0,0,1,0,0
224,225,75,125,230,55,95,30,0,0,0,0,0,0,0,0,0,0,1,0,0,0,0,0,1,0,0
225,226,60,80,50,40,40,30,0,0,0,0,1,0,0,0,0,0,0,0,0,0,0,0,0,0,1
226,227,90,120,75,60,60,45,0,0,0,0,1,0,0,0,0,0,0,0,0,0,0,0,0,0,1
227,228,65,95,75,55,55,85,0,0,0,0,0,0,0,0,0,0,0,0,0,1,0,0,0,1,0
228,229,70,130,100,55,80,65,1,0,0,0,0,0,0,0,0,0,0,0,0,0,0,0,1,0,0
229,230,70,150,140,65,100,75,1,0,0,0,0,0,0,0,0,0,0,0,0,0,0,0,1,0,0
230,231,20,10,230,10,230,5,1,0,0,0,0,0,0,0,0,0,0,0,0,0,0,1,0,0,0
231,232,80,125,75,40,95,85,1,0,0,0,0,1,0,0,0,0,0,0,0,0,0,0,0,0,0
232,233,80,185,115,40,105,75,1,0,0,0,0,1,0,0,0,0,0,0,0,0,0,0,0,0,0
233,234,55,95,55,35,75,115,0,1,0,0,0,0,0,0,0,0,0,1,0,0,0,0,0,0,0
234,235,60,80,50,50,50,40,0,0,0,0,0,0,0,0,0,0,0,0,1,0,0,0,0,0,1
235,236,90,130,75,75,75,55,0,0,0,0,0,0,0,0,0,0,0,0,1,0,0,0,0,0,1
236,237,40,40,40,70,40,20,0,0,0,0,0,0,1,0,0,0,0,0,0,0,0,0,0,0,1
237,238,50,50,120,80,80,30,0,0,0,0,0,0,1,0,0,0,0,0,0,0,0,1,0,0,0
238,239,50,50,40,30,30,50,0,0,0,0,0,0,0,0,0,0,1,1,0,0,0,0,0,0,0
239,240,100,100,80,60,60,50,0,0,0,0,0,0,0,0,0,0,1,1,0,0,0,0,0,0,0
240,241,55,55,85,65,85,35,0,0,0,0,0,0,0,0,0,0,0,0,0,0,0,1,0,1,0
241,242,35,65,35,65,35,65,0,0,0,0,0,0,0,0,0,0,0,0,0,0,0,0,0,1,1
242,243,75,105,75,105,75,45,0,0,0,0,0,0,0,0,0,0,0,0,0,0,0,0,0,1,1
243,244,45,55,45,65,45,75,0,0,0,0,0,0,0,1,0,0,0,1,0,0,0,0,0,0,0
244,245,65,40,70,80,140,70,0,0,0,0,0,0,0,1,0,0,0,0,0,0,0,0,0,1,0
245,246,65,80,140,40,70,70,0,0,0,0,0,0,0,1,0,0,0,0,0,0,0,0,1,0,0
246,247,45,60,30,80,50,65,0,1,0,0,0,0,1,0,0,0,0,0,0,0,0,0,0,0,0
247,248,75,90,50,110,80,95,0,1,0,0,0,0,1,0,0,0,0,0,0,0,0,0,0,0,0
248,249,75,90,90,140,90,115,0,1,0,0,0,0,1,0,0,0,0,0,0,0,0,0,0,0,0
249,250,75,95,95,95,95,85,0,0,1,0,0,0,0,0,0,0,0,0,0,0,0,0,0,1,0
250,251,90,60,60,40,40,40,0,0,0,0,0,0,0,0,0,0,1,0,0,0,0,0,0,0,1
251,252,90,120,120,60,60,50,0,0,0,0,0,0,0,0,0,0,1,0,0,0,0,0,0,0,1
252,253,85,80,90,105,95,60,0,0,0,0,0,0,0,0,0,0,0,0,1,0,0,0,0,0,1
253,254,73,95,62,85,65,85,0,0,0,0,0,0,0,0,0,0,0,0,1,0,0,0,0,0,1
254,255,55,20,35,20,45,75,0,0,0,0,0,0,0,0,0,0,0,0,1,0,0,0,0,0,1
255,256,35,35,35,35,35,35,0,0,0,0,0,1,0,0,0,0,0,0,0,0,0,0,0,0,1
256,257,50,95,95,35,110,70,0,0,0,0,0,1,0,0,0,0,0,0,0,0,0,0,0,0,1
257,258,45,30,15,85,65,65,0,0,0,0,0,0,0,0,0,0,0,1,0,0,1,0,0,0,0
258,259,45,63,37,65,55,95,0,0,0,1,0,0,0,0,0,0,0,0,0,0,0,0,0,0,1
259,260,45,75,37,70,55,83,0,0,0,0,0,0,1,0,0,0,0,0,0,0,0,0,0,0,1
260,261,95,80,105,40,70,100,0,0,0,0,0,0,0,0,0,0,0,0,1,0,0,0,0,0,1
261,262,255,10,10,75,135,55,0,0,0,0,0,0,0,0,0,0,0,0,1,0,0,0,0,0,1
262,263,90,85,75,115,100,115,0,0,0,1,0,0,0,0,0,0,0,0,0,0,0,0,0,0,1
263,264,115,115,85,90,75,100,0,0,0,0,0,0,1,0,0,0,0,0,0,0,0,0,0,0,1
264,265,100,75,115,90,115,85,0,0,0,0,0,0,0,0,0,0,0,0,0,0,0,0,0,1,1
265,266,50,64,50,45,50,41,0,0,0,0,0,0,0,0,0,0,1,0,0,0,0,1,0,0,0
266,267,70,84,70,65,70,51,0,0,0,0,0,0,0,0,0,0,1,0,0,0,0,1,0,0,0
267,268,100,134,110,95,100,61,0,1,0,0,0,0,0,0,0,0,0,0,0,0,0,1,0,0,0
268,269,100,164,150,95,120,71,0,1,0,0,0,0,0,0,0,0,0,0,0,0,0,1,0,0,0
269,270,106,90,130,90,154,110,0,0,0,0,0,0,0,1,0,0,0,0,0,0,1,0,0,0,0
270,271,106,130,90,110,154,90,0,0,0,0,0,0,1,1,0,0,0,0,0,0,0,0,0,0,0
271,272,100,100,100,100,100,100,0,0,0,0,0,0,0,0,0,1,0,0,0,0,1,0,0,0,0
272,273,40,45,35,65,55,70,0,0,0,0,0,0,0,0,0,1,0,0,0,0,0,0,0,0,1
273,274,50,65,45,85,65,95,0,0,0,0,0,0,0,0,0,1,0,0,0,0,0,0,0,0,1
274,275,70,85,65,105,85,120,0,0,0,0,0,0,0,0,0,1,0,0,0,0,0,0,0,0,1
275,276,70,110,75,145,85,145,0,0,1,0,0,0,0,0,0,1,0,0,0,0,0,0,0,0,0
276,277,45,60,40,70,50,45,0,0,0,0,0,0,1,0,0,0,0,0,0,0,0,0,0,0,1
277,278,60,85,60,85,60,55,0,0,0,0,0,1,1,0,0,0,0,0,0,0,0,0,0,0,0
278,279,80,120,70,110,70,80,0,0,0,0,0,1,1,0,0,0,0,0,0,0,0,0,0,0,0
279,280,80,160,80,130,80,100,0,0,0,0,0,1,1,0,0,0,0,0,0,0,0,0,0,0,0
280,281,50,70,50,50,50,40,0,0,0,0,0,0,0,0,0,0,0,0,0,0,0,0,0,1,1
281,282,70,85,70,60,70,50,0,0,0,0,0,0,0,0,0,0,1,0,0,0,0,0,0,1,0
282,283,100,110,90,85,90,60,0,0,0,0,0,0,0,0,0,0,1,0,0,0,0,0,0,1,0
283,284,100,150,110,95,110,70,0,0,0,0,0,0,0,0,0,0,1,0,0,0,0,0,0,1,0
284,285,35,55,35,30,30,35,0,1,0,0,0,0,0,0,0,0,0,0,0,0,0,0,0,0,1
285,286,70,90,70,60,60,70,0,1,0,0,0,0,0,0,0,0,0,0,0,0,0,0,0,0,1
286,287,38,30,41,30,41,60,0,0,0,0,0,0,0,0,0,0,0,0,1,0,0,0,0,0,1
287,288,78,70,61,50,61,100,0,0,0,0,0,0,0,0,0,0,0,0,1,0,0,0,0,0,1
288,289,45,45,35,20,30,20,1,0,0,0,0,0,0,0,0,0,0,0,0,0,0,0,0,0,1
289,290,50,35,55,25,25,15,1,0,0,0,0,0,0,0,0,0,0,0,0,0,0,0,0,0,1
290,291,60,70,50,100,50,65,1,0,0,0,0,0,0,1,0,0,0,0,0,0,0,0,0,0,0
291,292,50,35,55,25,25,15,1,0,0,0,0,0,0,0,0,0,0,0,0,0,0,0,0,0,1
292,293,60,50,70,50,90,65,1,0,0,0,0,0,0,0,0,0,0,0,0,1,0,0,0,0,0
293,294,40,30,30,40,50,30,0,0,0,0,0,0,0,0,0,1,0,0,0,0,0,0,0,1,0
294,295,60,50,50,60,70,50,0,0,0,0,0,0,0,0,0,1,0,0,0,0,0,0,0,1,0
295,296,80,70,70,90,100,70,0,0,0,0,0,0,0,0,0,1,0,0,0,0,0,0,0,1,0
296,297,40,40,50,30,30,30,0,0,0,0,0,0,0,0,0,1,0,0,0,0,0,0,0,0,1
297,298,70,70,40,60,40,60,0,1,0,0,0,0,0,0,0,1,0,0,0,0,0,0,0,0,0
298,299,90,100,60,90,60,80,0,1,0,0,0,0,0,0,0,1,0,0,0,0,0,0,0,0,0
299,300,40,55,30,30,30,85,0,0,0,0,0,0,0,1,0,0,0,0,1,0,0,0,0,0,0
300,301,60,85,60,50,50,125,0,0,0,0,0,0,0,1,0,0,0,0,1,0,0,0,0,0,0
301,302,40,30,30,55,30,85,0,0,0,0,0,0,0,1,0,0,0,0,0,0,0,0,0,1,0
302,303,60,50,100,85,70,65,0,0,0,0,0,0,0,1,0,0,0,0,0,0,0,0,0,1,0
303,304,28,25,25,45,35,40,0,0,0,0,1,0,0,0,0,0,0,0,0,0,1,0,0,0,0
304,305,38,35,35,65,55,50,0,0,0,0,1,0,0,0,0,0,0,0,0,0,1,0,0,0,0
305,306,68,65,65,125,115,80,0,0,0,0,1,0,0,0,0,0,0,0,0,0,1,0,0,0,0
306,307,68,85,65,165,135,100,0,0,0,0,1,0,0,0,0,0,0,0,0,0,1,0,0,0,0
307,308,40,30,32,50,52,65,1,0,0,0,0,0,0,0,0,0,0,0,0,0,0,0,0,1,0
308,309,70,60,62,80,82,60,1,0,0,0,0,0,0,1,0,0,0,0,0,0,0,0,0,0,0
309,310,60,40,60,40,60,35,0,0,0,0,0,0,0,0,0,1,0,0,0,0,0,0,0,0,1
310,311,60,130,80,60,60,70,0,0,0,0,0,1,0,0,0,1,0,0,0,0,0,0,0,0,0
311,312,60,60,60,35,35,30,0,0,0,0,0,0,0,0,0,0,0,0,1,0,0,0,0,0,1
312,313,80,80,80,55,55,90,0,0,0,0,0,0,0,0,0,0,0,0,1,0,0,0,0,0,1
313,314,150,160,100,95,65,100,0,0,0,0,0,0,0,0,0,0,0,0,1,0,0,0,0,0,1
314,315,31,45,90,30,30,40,1,0,0,0,0,0,0,0,0,0,1,0,0,0,0,0,0,0,0
315,316,61,90,45,50,50,160,1,0,0,0,0,0,0,1,0,0,0,0,0,0,0,0,0,0,0
316,317,1,90,45,30,30,40,1,0,0,0,0,0,0,0,1,0,0,0,0,0,0,0,0,0,0
317,318,64,51,23,51,23,28,0,0,0,0,0,0,0,0,0,0,0,0,1,0,0,0,0,0,1
318,319,84,71,43,71,43,48,0,0,0,0,0,0,0,0,0,0,0,0,1,0,0,0,0,0,1
319,320,104,91,63,91,73,68,0,0,0,0,0,0,0,0,0,0,0,0,1,0,0,0,0,0,1
320,321,72,60,30,20,30,25,0,0,0,0,0,1,0,0,0,0,0,0,0,0,0,0,0,0,1
321,322,144,120,60,40,60,50,0,0,0,0,0,1,0,0,0,0,0,0,0,0,0,0,0,0,1
322,323,50,20,40,20,40,20,0,0,0,0,1,0,0,0,0,0,0,0,1,0,0,0,0,0,0
323,324,30,45,135,45,90,30,0,0,0,0,0,0,0,0,0,0,0,0,0,0,0,1,0,0,1
324,325,50,45,45,35,35,50,0,0,0,0,0,0,0,0,0,0,0,0,1,0,0,0,0,0,1
325,326,70,65,65,55,55,70,0,0,0,0,0,0,0,0,0,0,0,0,1,0,0,0,0,0,1
326,327,50,75,75,65,65,50,0,1,0,0,0,0,0,0,1,0,0,0,0,0,0,0,0,0,0
327,328,50,85,125,85,115,20,0,1,0,0,0,0,0,0,1,0,0,0,0,0,0,0,0,0,0
328,329,50,85,85,55,55,50,0,0,0,0,1,0,0,0,0,0,0,0,0,0,0,0,1,0,0
329,330,50,105,125,55,95,50,0,0,0,0,1,0,0,0,0,0,0,0,0,0,0,0,1,0,0
330,331,50,70,100,40,40,30,0,0,0,0,0,0,0,0,0,0,0,0,0,0,0,1,1,0,0
331,332,60,90,140,50,50,40,0,0,0,0,0,0,0,0,0,0,0,0,0,0,0,1,1,0,0
332,333,70,110,180,60,60,50,0,0,0,0,0,0,0,0,0,0,0,0,0,0,0,1,1,0,0
333,334,70,140,230,60,80,50,0,0,0,0,0,0,0,0,0,0,0,0,0,0,0,0,1,0,1
334,335,30,40,55,40,55,60,0,0,0,0,0,1,0,0,0,0,0,0,0,0,1,0,0,0,0
335,336,60,60,75,60,75,80,0,0,0,0,0,1,0,0,0,0,0,0,0,0,1,0,0,0,0
336,337,60,100,85,80,85,100,0,0,0,0,0,1,0,0,0,0,0,0,0,0,1,0,0,0,0
337,338,40,45,40,65,40,65,0,0,0,1,0,0,0,0,0,0,0,0,0,0,0,0,0,0,1
338,339,70,75,60,105,60,105,0,0,0,1,0,0,0,0,0,0,0,0,0,0,0,0,0,0,1
339,340,70,75,80,135,80,135,0,0,0,1,0,0,0,0,0,0,0,0,0,0,0,0,0,0,1
340,341,60,50,40,85,75,95,0,0,0,1,0,0,0,0,0,0,0,0,0,0,0,0,0,0,1
341,342,60,40,50,75,85,95,0,0,0,1,0,0,0,0,0,0,0,0,0,0,0,0,0,0,1
342,343,65,73,55,47,75,85,1,0,0,0,0,0,0,0,0,0,0,0,0,0,0,0,0,0,1
343,344,65,47,55,73,75,85,1,0,0,0,0,0,0,0,0,0,0,0,0,0,0,0,0,0,1
344,345,50,60,45,100,80,65,0,0,0,0,0,0,0,0,0,1,0,0,0,1,0,0,0,0,0
345,346,70,43,53,43,53,40,0,0,0,0,0,0,0,0,0,0,0,0,0,1,0,0,0,0,1
346,347,100,73,83,73,83,55,0,0,0,0,0,0,0,0,0,0,0,0,0,1,0,0,0,0,1
347,348,45,90,20,65,20,65,0,1,0,0,0,0,0,0,0,0,0,0,0,0,0,0,0,1,0
348,349,70,120,40,95,40,95,0,1,0,0,0,0,0,0,0,0,0,0,0,0,0,0,0,1,0
349,350,70,140,70,110,65,105,0,1,0,0,0,0,0,0,0,0,0,0,0,0,0,0,0,1,0
350,351,130,70,35,70,35,60,0,0,0,0,0,0,0,0,0,0,0,0,0,0,0,0,0,1,1
351,352,170,90,45,90,45,60,0,0,0,0,0,0,0,0,0,0,0,0,0,0,0,0,0,1,1
352,353,60,60,40,65,45,35,0,0,0,0,0,0,1,0,0,0,1,0,0,0,0,0,0,0,0
353,354,70,100,70,105,75,40,0,0,0,0,0,0,1,0,0,0,1,0,0,0,0,0,0,0,0
354,355,70,120,100,145,105,20,0,0,0,0,0,0,1,0,0,0,1,0,0,0,0,0,0,0,0
355,356,70,85,140,85,70,20,0,0,0,0,0,0,1,0,0,0,0,0,0,0,0,0,0,0,1
356,357,60,25,35,70,80,60,0,0,0,0,0,0,0,0,0,0,0,0,0,0,1,0,0,0,1
357,358,80,45,65,90,110,80,0,0,0,0,0,0,0,0,0,0,0,0,0,0,1,0,0,0,1
358,359,60,60,60,60,60,60,0,0,0,0,0,0,0,0,0,0,0,0,1,0,0,0,0,0,1
359,360,45,100,45,45,45,10,0,0,0,0,0,0,0,0,0,0,1,0,0,0,0,0,0,0,1
360,361,50,70,50,50,50,70,0,0,1,0,0,0,0,0,0,0,1,0,0,0,0,0,0,0,0
361,362,80,100,80,80,80,100,0,0,1,0,0,0,0,0,0,0,1,0,0,0,0,0,0,0,0
362,363,50,85,40,85,40,35,0,0,0,0,0,0,0,0,0,1,0,0,0,0,0,0,0,0,1
363,364,70,115,60,115,60,55,0,1,0,0,0,0,0,0,0,1,0,0,0,0,0,0,0,0,0
364,365,45,40,60,40,75,50,0,0,0,0,0,0,0,1,0,0,0,0,1,0,0,0,0,0,0
365,366,75,70,90,70,105,80,0,0,1,0,0,0,0,1,0,0,0,0,0,0,0,0,0,0,0
366,367,75,110,110,110,105,80,0,0,1,0,1,0,0,0,0,0,0,0,0,0,0,0,0,0,0
367,368,73,115,60,60,60,90,0,0,0,0,0,0,0,0,0,0,0,0,1,0,0,0,0,0,1
368,369,73,100,60,100,60,65,0,0,0,0,0,0,0,0,0,0,0,0,0,1,0,0,0,0,1
369,370,70,55,65,95,85,70,0,0,0,0,0,0,0,0,0,0,0,0,0,0,1,1,0,0,0
370,371,70,95,85,55,65,70,0,0,0,0,0,0,0,0,0,0,0,0,0,0,1,1,0,0,0
371,372,50,48,43,46,41,60,0,0,0,0,0,0,0,0,0,0,1,0,0,0,0,0,0,1,0
372,373,110,78,73,76,71,60,0,0,0,0,0,0,0,0,0,0,1,0,0,0,0,0,0,1,0
373,374,43,80,65,50,35,35,0,0,0,0,0,0,0,0,0,0,0,0,0,0,0,0,0,1,1
374,375,63,120,85,90,55,55,0,1,0,0,0,0,0,0,0,0,0,0,0,0,0,0,0,1,0
375,376,40,40,55,40,70,55,0,0,0,0,0,0,0,0,0,0,1,0,0,0,1,0,0,0,0
376,377,60,70,105,70,120,75,0,0,0,0,0,0,0,0,0,0,1,0,0,0,1,0,0,0,0
377,378,66,41,77,61,87,23,0,0,0,0,0,0,0,0,0,1,0,0,0,0,0,1,0,0,0
378,379,86,81,97,81,107,43,0,0,0,0,0,0,0,0,0,1,0,0,0,0,0,1,0,0,0
379,380,45,95,50,40,50,75,1,0,0,0,0,0,0,0,0,0,0,0,0,0,0,1,0,0,0
380,381,75,125,100,70,80,45,1,0,0,0,0,0,0,0,0,0,0,0,0,0,0,1,0,0,0
381,382,20,15,20,10,55,80,0,0,0,0,0,0,0,0,0,0,0,0,0,0,0,0,0,1,1
382,383,95,60,79,100,125,81,0,0,0,0,0,0,0,0,0,0,0,0,0,0,0,0,0,1,1
383,384,70,70,70,70,70,70,0,0,0,0,0,0,0,0,0,0,0,0,1,0,0,0,0,0,1
384,385,60,90,70,60,120,40,0,0,0,0,0,0,0,0,0,0,0,0,1,0,0,0,0,0,1
385,386,44,75,35,63,33,45,0,0,0,0,0,0,0,0,1,0,0,0,0,0,0,0,0,0,1
386,387,64,115,65,83,63,65,0,0,0,0,0,0,0,0,1,0,0,0,0,0,0,0,0,0,1
387,388,64,165,75,93,83,75,0,0,0,0,0,0,0,0,1,0,0,0,0,0,0,0,0,0,1
388,389,20,40,90,30,90,25,0,0,0,0,0,0,0,0,1,0,0,0,0,0,0,0,0,0,1
389,390,40,70,130,60,130,25,0,0,0,0,0,0,0,0,1,0,0,0,0,0,0,0,0,0,1
390,391,99,68,83,72,87,51,0,0,0,0,0,0,0,1,0,1,0,0,0,0,0,0,0,0,0
391,392,65,50,70,95,80,65,0,0,0,0,0,0,0,0,0,0,0,0,0,0,1,0,0,0,1
392,393,65,130,60,75,60,75,0,1,0,0,0,0,0,0,0,0,0,0,0,0,0,0,0,0,1
393,394,65,150,60,115,60,115,0,1,0,0,0,0,0,0,0,0,0,0,0,0,0,0,0,0,1
394,395,95,23,48,23,48,23,0,0,0,0,0,0,0,0,0,0,0,0,0,0,1,0,0,0,1
395,396,50,50,50,50,50,50,0,0,0,0,0,0,0,0,0,0,0,1,0,0,0,0,0,0,1
396,397,80,80,80,80,80,80,0,0,0,0,0,0,0,0,0,0,0,1,0,0,0,0,0,0,1
397,398,80,120,80,120,80,100,0,0,0,0,0,0,0,0,0,0,0,1,0,0,0,0,0,0,1
398,399,70,40,50,55,50,25,0,0,0,0,0,0,0,0,0,0,0,1,0,0,0,0,0,1,0
399,400,90,60,70,75,70,45,0,0,0,0,0,0,0,0,0,0,0,1,0,0,0,0,0,1,0
400,401,110,80,90,95,90,65,0,0,0,0,0,0,0,0,0,0,0,1,0,0,0,0,0,1,0
401,402,35,64,85,74,55,32,0,0,0,0,0,0,0,0,0,0,0,0,0,0,0,0,0,1,1
402,403,55,104,105,94,75,52,0,0,0,0,0,0,0,0,0,0,0,0,0,0,0,0,0,1,1
403,404,55,84,105,114,75,52,0,0,0,0,0,0,0,0,0,0,0,0,0,0,0,0,0,1,1
404,405,100,90,130,45,65,55,0,0,0,0,0,0,0,0,0,0,0,0,0,0,0,1,0,1,0
405,406,43,30,55,40,65,97,0,0,0,0,0,0,0,0,0,0,0,0,0,0,0,0,0,1,1
406,407,45,75,60,40,30,50,0,0,1,0,0,0,0,0,0,0,0,0,0,0,0,0,0,0,1
407,408,65,95,100,60,50,50,0,0,1,0,0,0,0,0,0,0,0,0,0,0,0,0,0,0,1
408,409,95,135,80,110,80,100,0,0,1,0,0,0,0,1,0,0,0,0,0,0,0,0,0,0,0
409,410,95,145,130,120,90,120,0,0,1,0,0,0,0,1,0,0,0,0,0,0,0,0,0,0,0
410,411,40,55,80,35,60,30,0,0,0,0,0,0,0,0,0,0,0,0,0,0,1,0,1,0,0
411,412,60,75,100,55,80,50,0,0,0,0,0,0,0,0,0,0,0,0,0,0,1,0,1,0,0
412,413,80,135,130,95,90,70,0,0,0,0,0,0,0,0,0,0,0,0,0,0,1,0,1,0,0
413,414,80,145,150,105,110,110,0,0,0,0,0,0,0,0,0,0,0,0,0,0,1,0,1,0,0
414,415,80,100,200,50,100,50,0,0,0,0,0,0,0,0,0,0,0,0,0,0,0,1,0,0,1
415,416,80,50,100,100,200,50,0,0,0,0,0,0,0,0,0,0,0,1,0,0,0,0,0,0,1
416,417,80,75,150,75,150,50,0,0,0,0,0,0,0,0,0,0,0,0,0,0,0,0,1,0,1
417,418,80,80,90,110,130,110,0,0,1,0,0,0,0,0,0,0,0,0,0,0,1,0,0,0,0
418,419,80,100,120,140,150,110,0,0,1,0,0,0,0,0,0,0,0,0,0,0,1,0,0,0,0
419,420,80,90,80,130,110,110,0,0,1,0,0,0,0,0,0,0,0,0,0,0,1,0,0,0,0
420,421,80,130,100,160,120,110,0,0,1,0,0,0,0,0,0,0,0,0,0,0,1,0,0,0,0
421,422,100,100,90,150,140,90,0,0,0,0,0,0,0,0,0,0,0,0,0,0,0,0,0,1,1
422,423,100,150,90,180,160,90,0,0,0,0,0,0,0,0,0,0,0,0,0,0,0,0,0,1,1
423,424,100,150,140,100,90,90,0,0,0,0,0,0,0,0,0,0,1,0,0,0,0,0,0,0,1
424,425,100,180,160,150,90,90,0,0,0,0,0,0,1,0,0,0,1,0,0,0,0,0,0,0,0
425,426,105,150,90,150,90,95,0,0,1,0,0,0,0,1,0,0,0,0,0,0,0,0,0,0,0
426,427,105,180,100,180,100,115,0,0,1,0,0,0,0,1,0,0,0,0,0,0,0,0,0,0,0
427,428,100,100,100,100,100,100,0,0,0,0,0,0,0,0,0,0,0,0,0,0,1,0,1,0,0
428,429,50,150,50,150,50,150,0,0,0,0,0,0,0,0,0,0,0,0,0,0,1,0,0,0,1
429,430,50,180,20,180,20,150,0,0,0,0,0,0,0,0,0,0,0,0,0,0,1,0,0,0,1
430,431,50,70,160,70,160,90,0,0,0,0,0,0,0,0,0,0,0,0,0,0,1,0,0,0,1
431,432,50,95,90,95,90,180,0,0,0,0,0,0,0,0,0,0,0,0,0,0,1,0,0,0,1
432,433,55,68,64,45,55,31,0,0,0,0,0,0,0,0,0,1,0,0,0,0,0,0,0,0,1
433,434,75,89,85,55,65,36,0,0,0,0,0,0,0,0,0,1,0,0,0,0,0,0,0,0,1
434,435,95,109,105,75,85,56,0,0,0,0,0,0,0,0,0,1,1,0,0,0,0,0,0,0,0
435,436,44,58,44,58,44,61,0,0,0,0,0,0,1,0,0,0,0,0,0,0,0,0,0,0,1
436,437,64,78,52,78,52,81,0,0,0,0,0,1,1,0,0,0,0,0,0,0,0,0,0,0,0
437,438,76,104,71,104,71,108,0,0,0,0,0,1,1,0,0,0,0,0,0,0,0,0,0,0,0
438,439,53,51,53,61,56,40,0,0,0,0,0,0,0,0,0,0,0,0,0,0,0,0,0,1,1
439,440,64,66,68,81,76,50,0,0,0,0,0,0,0,0,0,0,0,0,0,0,0,0,0,1,1
440,441,84,86,88,111,101,60,0,0,0,0,0,0,0,0,0,0,0,0,0,0,0,0,1,1,0
441,442,40,55,30,30,30,60,0,0,0,0,0,0,0,1,0,0,0,0,1,0,0,0,0,0,0
442,443,55,75,50,40,40,80,0,0,0,0,0,0,0,1,0,0,0,0,1,0,0,0,0,0,0
443,444,85,120,70,50,60,100,0,0,0,0,0,0,0,1,0,0,0,0,1,0,0,0,0,0,0
444,445,59,45,40,35,40,31,0,0,0,0,0,0,0,0,0,0,0,0,1,0,0,0,0,0,1
445,446,79,85,60,55,60,71,0,0,0,0,0,0,0,0,0,0,0,0,1,0,0,0,0,1,0
446,447,37,25,41,25,41,25,1,0,0,0,0,0,0,0,0,0,0,0,0,0,0,0,0,0,1
447,448,77,85,51,55,51,65,1,0,0,0,0,0,0,0,0,0,0,0,0,0,0,0,0,0,1
448,449,45,65,34,40,34,45,0,0,0,1,0,0,0,0,0,0,0,0,0,0,0,0,0,0,1
449,450,60,85,49,60,49,60,0,0,0,1,0,0,0,0,0,0,0,0,0,0,0,0,0,0,1
450,451,80,120,79,95,79,70,0,0,0,1,0,0,0,0,0,0,0,0,0,0,0,0,0,0,1
451,452,40,30,35,50,70,55,0,0,0,0,0,0,0,0,0,1,0,0,0,1,0,0,0,0,0
452,453,60,70,65,125,105,90,0,0,0,0,0,0,0,0,0,1,0,0,0,1,0,0,0,0,0
453,454,67,125,40,30,30,58,0,0,0,0,0,0,0,0,0,0,0,0,0,0,0,1,0,0,1
454,455,97,165,60,65,50,58,0,0,0,0,0,0,0,0,0,0,0,0,0,0,0,1,0,0,1
455,456,30,42,118,42,88,30,0,0,0,0,0,0,0,0,0,0,0,0,0,0,0,1,1,0,0
456,457,60,52,168,47,138,30,0,0,0,0,0,0,0,0,0,0,0,0,0,0,0,1,1,0,0
457,458,40,29,45,29,45,36,1,0,0,0,0,0,0,0,0,0,0,0,0,0,0,0,0,0,1
458,459,60,59,85,79,105,36,1,0,0,0,0,0,0,0,0,1,0,0,0,0,0,0,0,0,0
459,460,60,79,105,59,85,36,1,0,0,0,0,0,0,0,0,0,1,0,0,0,0,0,0,0,0
460,461,60,69,95,69,95,36,1,0,0,0,0,0,0,0,0,0,0,0,0,0,0,0,1,0,0
461,462,70,94,50,94,50,66,1,0,0,0,0,0,0,1,0,0,0,0,0,0,0,0,0,0,0
462,463,30,30,42,30,42,70,1,0,0,0,0,0,0,1,0,0,0,0,0,0,0,0,0,0,0
463,464,70,80,102,80,102,40,1,0,0,0,0,0,0,1,0,0,0,0,0,0,0,0,0,0,0
464,465,60,45,70,45,90,95,0,0,0,1,0,0,0,0,0,0,0,0,0,0,0,0,0,0,1
465,466,55,65,35,60,30,85,0,0,0,0,0,0,0,0,0,0,0,0,0,0,0,0,0,1,1
466,467,85,105,55,85,50,115,0,0,0,0,0,0,0,0,0,0,0,0,0,0,0,0,0,1,1
467,468,45,35,45,62,53,35,0,0,0,0,0,0,0,0,0,1,0,0,0,0,0,0,0,0,1
468,469,70,60,70,87,78,85,0,0,0,0,0,0,0,0,0,1,0,0,0,0,0,0,0,0,1
469,470,76,48,48,57,62,34,0,0,0,0,0,0,0,0,0,0,0,0,0,0,0,0,0,1,1
470,471,111,83,68,92,82,39,0,0,0,0,0,0,0,0,0,0,1,0,0,0,0,0,0,1,0
471,472,75,100,66,60,66,115,0,0,0,0,0,0,0,0,0,0,0,0,1,0,0,0,0,0,1
472,473,90,50,34,60,44,70,0,0,0,0,0,0,0,1,1,0,0,0,0,0,0,0,0,0,0
473,474,150,80,44,90,54,80,0,0,0,0,0,0,0,1,1,0,0,0,0,0,0,0,0,0,0
474,475,55,66,44,44,56,85,0,0,0,0,0,0,0,0,0,0,0,0,1,0,0,0,0,0,1
475,476,65,76,84,54,96,105,0,0,0,0,0,0,0,0,0,0,0,0,1,0,0,0,0,0,1
476,477,65,136,94,54,96,135,0,0,0,0,0,1,0,0,0,0,0,0,1,0,0,0,0,0,0
477,478,60,60,60,105,105,105,0,0,0,0,0,0,0,0,1,0,0,0,0,0,0,0,0,0,1
478,479,100,125,52,105,52,71,0,1,0,0,0,0,0,1,0,0,0,0,0,0,0,0,0,0,0
479,480,49,55,42,42,37,85,0,0,0,0,0,0,0,0,0,0,0,0,1,0,0,0,0,0,1
480,481,71,82,64,64,59,112,0,0,0,0,0,0,0,0,0,0,0,0,1,0,0,0,0,0,1
481,482,45,30,50,65,50,45,0,0,0,0,0,0,0,0,0,0,0,0,0,0,1,0,0,0,1
482,483,63,63,47,41,41,74,0,1,0,0,0,0,0,0,0,0,0,0,0,1,0,0,0,0,0
483,484,103,93,67,71,61,84,0,1,0,0,0,0,0,0,0,0,0,0,0,1,0,0,0,0,0
484,485,57,24,86,24,86,23,0,0,0,0,0,0,0,0,0,0,0,0,0,0,1,0,1,0,0
485,486,67,89,116,79,116,33,0,0,0,0,0,0,0,0,0,0,0,0,0,0,1,0,1,0,0
486,487,50,80,95,10,45,10,0,0,0,0,0,0,0,0,0,0,0,0,0,0,0,1,0,0,1
487,488,20,25,45,70,90,60,0,0,0,0,1,0,0,0,0,0,0,0,0,0,1,0,0,0,0
488,489,100,5,5,15,65,30,0,0,0,0,0,0,0,0,0,0,0,0,1,0,0,0,0,0,1
489,490,76,65,45,92,42,91,0,0,0,0,0,0,0,1,0,0,0,0,1,0,0,0,0,0,0
490,491,50,92,108,92,108,35,0,1,0,0,0,0,0,0,1,0,0,0,0,0,0,0,0,0,0
491,492,58,70,45,40,45,42,0,0,1,0,0,0,0,0,0,0,1,0,0,0,0,0,0,0,0
492,493,68,90,65,50,55,82,0,0,1,0,0,0,0,0,0,0,1,0,0,0,0,0,0,0,0
493,494,108,130,95,80,85,102,0,0,1,0,0,0,0,0,0,0,1,0,0,0,0,0,0,0,0
494,495,108,170,115,120,95,92,0,0,1,0,0,0,0,0,0,0,1,0,0,0,0,0,0,0,0
495,496,135,85,40,40,85,5,0,0,0,0,0,0,0,0,0,0,0,0,1,0,0,0,0,0,1
496,497,40,70,40,35,40,60,0,0,0,0,0,1,0,0,0,0,0,0,0,0,0,0,0,0,1
497,498,70,110,70,115,70,90,0,0,0,0,0,1,0,0,0,0,0,0,0,0,0,0,1,0,0
498,499,70,145,88,140,70,112,0,0,0,0,0,1,0,0,0,0,0,0,0,0,0,0,1,0,0
499,500,68,72,78,38,42,32,0,0,0,0,0,0,0,0,0,0,1,0,0,0,0,0,0,0,1
500,501,108,112,118,68,72,47,0,0,0,0,0,0,0,0,0,0,1,0,0,0,0,0,0,0,1
501,502,40,50,90,30,55,65,1,0,0,0,0,0,0,0,0,0,0,0,0,1,0,0,0,0,0
502,503,70,90,110,60,75,95,0,1,0,0,0,0,0,0,0,0,0,0,0,1,0,0,0,0,0
503,504,48,61,40,61,40,50,0,0,0,0,0,1,0,0,0,0,0,0,0,1,0,0,0,0,0
504,505,83,106,65,86,65,85,0,0,0,0,0,1,0,0,0,0,0,0,0,1,0,0,0,0,0
505,506,74,100,72,90,72,46,0,0,0,0,0,0,0,0,0,1,0,0,0,0,0,0,0,0,1
506,507,49,49,56,49,61,66,0,0,0,0,0,0,0,0,0,0,0,0,0,0,0,0,0,1,1
507,508,69,69,76,69,86,91,0,0,0,0,0,0,0,0,0,0,0,0,0,0,0,0,0,1,1
508,509,45,20,50,60,120,50,0,0,0,0,0,0,0,1,0,0,0,0,0,0,0,0,0,1,0
509,510,60,62,50,62,60,40,0,0,0,0,0,0,0,0,0,1,0,1,0,0,0,0,0,0,0
510,511,90,92,75,92,85,60,0,0,0,0,0,0,0,0,0,1,0,1,0,0,0,0,0,0,0
511,512,90,132,105,132,105,30,0,0,0,0,0,0,0,0,0,1,0,1,0,0,0,0,0,0,0
512,513,70,120,65,45,85,125,0,1,0,0,0,0,0,0,0,0,0,1,0,0,0,0,0,0,0
513,514,70,70,115,130,90,60,0,0,0,1,0,0,0,0,0,0,0,0,0,0,0,0,1,0,0
514,515,110,85,95,80,95,50,0,0,0,0,0,0,0,0,0,0,0,0,1,0,0,0,0,0,1
515,516,115,140,130,55,55,40,0,0,0,0,0,0,0,0,0,0,1,0,0,0,0,1,0,0,0
516,517,100,100,125,110,50,50,0,0,0,0,0,0,0,0,0,1,0,0,0,0,0,0,0,0,1
517,518,75,123,67,95,85,95,0,0,0,1,0,0,0,0,0,0,0,0,0,0,0,0,0,0,1
518,519,75,95,67,125,95,83,0,0,0,0,0,0,1,0,0,0,0,0,0,0,0,0,0,0,1
519,520,85,50,95,120,115,80,0,0,0,0,1,0,0,1,0,0,0,0,0,0,0,0,0,0,0
520,521,86,76,86,116,56,95,1,0,0,0,0,0,0,1,0,0,0,0,0,0,0,0,0,0,0
521,522,65,110,130,60,65,95,0,0,0,0,0,0,0,0,0,1,0,0,0,0,0,0,0,0,1
522,523,65,60,110,130,95,65,0,0,0,0,0,0,0,0,0,0,0,1,0,0,0,0,0,0,1
523,524,75,95,125,45,75,95,0,0,0,0,0,0,0,1,0,0,1,0,0,0,0,0,0,0,0
524,525,110,130,80,70,60,80,0,0,0,0,0,0,0,0,0,0,1,1,0,0,0,0,0,0,0
525,526,85,80,70,135,75,90,0,0,0,0,0,0,0,0,0,0,0,0,1,0,0,0,0,0,1
526,527,68,125,65,65,115,80,0,0,0,0,0,1,0,0,0,0,0,0,0,0,1,0,0,0,0
527,528,68,165,95,65,115,110,0,0,0,0,0,1,0,0,0,0,0,0,0,0,1,0,0,0,0
528,529,60,55,145,75,150,40,0,0,0,0,0,0,0,0,0,0,0,0,0,0,0,1,1,0,0
529,530,45,100,135,65,135,45,0,0,0,0,0,0,0,0,1,0,0,0,0,0,0,0,0,0,1
530,531,70,80,70,80,70,110,0,0,0,0,0,0,0,0,1,0,0,1,0,0,0,0,0,0,0
531,532,50,50,77,95,77,91,0,0,0,1,0,0,0,0,1,0,0,0,0,0,0,0,0,0,0
532,533,50,65,107,105,107,86,0,0,0,1,0,0,1,0,0,0,0,0,0,0,0,0,0,0,0
533,534,50,65,107,105,107,86,0,0,0,1,0,0,0,0,0,0,0,0,0,0,0,0,0,1,0
534,535,50,65,107,105,107,86,0,0,0,1,0,0,0,0,0,0,0,1,0,0,0,0,0,0,0
535,536,50,65,107,105,107,86,0,0,0,1,0,0,0,1,0,0,0,0,0,0,0,0,0,0,0
536,537,50,65,107,105,107,86,0,0,0,1,0,0,0,0,0,1,0,0,0,0,0,0,0,0,0
537,538,75,75,130,75,130,95,0,0,0,0,0,0,0,0,0,0,0,0,0,0,1,0,0,0,1
538,539,80,105,105,105,105,80,0,0,0,0,0,0,0,0,0,0,0,0,0,0,1,0,0,0,1
539,540,75,125,70,125,70,115,0,0,0,0,0,0,0,0,0,0,0,0,0,0,1,0,0,0,1
540,541,100,120,120,150,100,90,0,0,1,0,0,0,0,0,0,0,0,0,0,0,0,0,1,0,0
541,542,90,120,100,150,120,100,0,0,1,0,0,0,0,0,0,0,0,0,0,0,0,0,0,1,0
542,543,91,90,106,130,106,77,0,0,0,0,0,0,1,0,0,0,0,0,0,0,0,0,1,0,0
543,544,110,160,110,80,110,100,0,0,0,0,0,0,0,0,0,0,0,0,1,0,0,0,0,0,1
544,545,150,100,120,100,120,90,0,0,1,0,0,0,0,0,1,0,0,0,0,0,0,0,0,0,0
545,546,150,120,100,120,100,90,0,0,1,0,0,0,0,0,1,0,0,0,0,0,0,0,0,0,0
546,547,120,70,120,75,130,85,0,0,0,0,0,0,0,0,0,0,0,0,0,0,1,0,0,0,1
547,548,80,80,80,80,80,80,0,0,0,0,0,0,0,0,0,0,0,0,0,0,0,0,0,1,1
548,549,100,100,100,100,100,100,0,0,0,0,0,0,0,0,0,0,0,0,0,0,0,0,0,1,1
549,550,70,90,90,135,90,125,0,1,0,0,0,0,0,0,0,0,0,0,0,0,0,0,0,0,1
550,551,100,100,100,100,100,100,0,0,0,0,0,0,0,0,0,1,0,0,0,0,0,0,0,0,1
551,552,100,103,75,120,75,127,0,0,0,0,0,0,0,1,0,1,0,0,0,0,0,0,0,0,0
552,553,120,120,120,120,120,120,0,0,0,0,0,0,0,0,0,0,0,0,1,0,0,0,0,0,1
553,554,100,100,100,100,100,100,0,0,0,0,0,0,1,0,0,0,0,0,0,0,1,0,0,0,0
554,555,45,45,55,45,55,63,0,0,0,0,0,0,0,0,0,1,0,0,0,0,0,0,0,0,1
555,556,60,60,75,60,75,83,0,0,0,0,0,0,0,0,0,1,0,0,0,0,0,0,0,0,1
556,557,75,75,95,75,95,113,0,0,0,0,0,0,0,0,0,1,0,0,0,0,0,0,0,0,1
557,558,65,63,45,45,45,45,0,0,0,0,0,0,1,0,0,0,0,0,0,0,0,0,0,0,1
558,559,90,93,55,70,55,55,0,0,0,0,0,1,1,0,0,0,0,0,0,0,0,0,0,0,0
559,560,110,123,65,100,65,65,0,0,0,0,0,1,1,0,0,0,0,0,0,0,0,0,0,0,0
560,561,55,55,45,63,45,45,0,0,0,0,0,0,0,0,0,0,0,0,0,0,0,0,0,1,1
561,562,75,75,60,83,60,60,0,0,0,0,0,0,0,0,0,0,0,0,0,0,0,0,0,1,1
562,563,95,100,85,108,70,70,0,0,0,0,0,0,0,0,0,0,0,0,0,0,0,0,0,1,1
563,564,45,55,39,35,39,42,0,0,0,0,0,0,0,0,0,0,0,0,1,0,0,0,0,0,1
564,565,60,85,69,60,69,77,0,0,0,0,0,0,0,0,0,0,0,0,1,0,0,0,0,0,1
565,566,45,60,45,25,45,55,0,0,0,0,0,0,0,0,0,0,0,0,1,0,0,0,0,0,1
566,567,65,80,65,35,65,60,0,0,0,0,0,0,0,0,0,0,0,0,1,0,0,0,0,0,1
567,568,85,110,90,45,90,80,0,0,0,0,0,0,0,0,0,0,0,0,1,0,0,0,0,0,1
568,569,41,50,37,50,37,66,0,1,0,0,0,0,0,0,0,0,0,0,0,0,0,0,0,0,1
569,570,64,88,50,88,50,106,0,1,0,0,0,0,0,0,0,0,0,0,0,0,0,0,0,0,1
570,571,50,53,48,53,48,64,0,0,0,0,0,0,0,0,0,1,0,0,0,0,0,0,0,0,1
571,572,75,98,63,98,63,101,0,0,0,0,0,0,0,0,0,1,0,0,0,0,0,0,0,0,1
572,573,50,53,48,53,48,64,0,0,0,0,0,0,1,0,0,0,0,0,0,0,0,0,0,0,1
573,574,75,98,63,98,63,101,0,0,0,0,0,0,1,0,0,0,0,0,0,0,0,0,0,0,1
574,575,50,53,48,53,48,64,0,0,0,0,0,0,0,0,0,0,0,0,0,0,0,0,0,1,1
575,576,75,98,63,98,63,101,0,0,0,0,0,0,0,0,0,0,0,0,0,0,0,0,0,1,1
576,577,76,25,45,67,55,24,0,0,0,0,0,0,0,0,0,0,0,0,0,0,1,0,0,0,1
577,578,116,55,85,107,95,29,0,0,0,0,0,0,0,0,0,0,0,0,0,0,1,0,0,0,1
578,579,50,55,50,36,30,43,0,0,0,0,0,0,0,1,0,0,0,0,1,0,0,0,0,0,0
579,580,62,77,62,50,42,65,0,0,0,0,0,0,0,1,0,0,0,0,1,0,0,0,0,0,0
580,581,80,115,80,65,55,93,0,0,0,0,0,0,0,1,0,0,0,0,1,0,0,0,0,0,0
581,582,45,60,32,50,32,76,0,0,0,1,0,0,0,0,0,0,0,0,0,0,0,0,0,0,1
582,583,75,100,63,80,63,116,0,0,0,1,0,0,0,0,0,0,0,0,0,0,0,0,0,0,1
583,584,55,75,85,25,25,15,0,0,0,0,0,0,0,0,0,0,0,0,0,0,0,1,0,0,1
584,585,70,105,105,50,40,20,0,0,0,0,0,0,0,0,0,0,0,0,0,0,0,1,0,0,1
585,586,85,135,130,60,80,25,0,0,0,0,0,0,0,0,0,0,0,0,0,0,0,1,0,0,1
586,587,55,45,43,55,43,72,0,0,0,0,0,0,0,1,0,0,0,0,0,0,1,0,0,0,0
587,588,67,57,55,77,55,114,0,0,0,0,0,0,0,1,0,0,0,0,0,0,1,0,0,0,0
588,589,60,85,40,30,45,68,0,0,0,0,0,0,0,0,0,0,1,0,0,0,0,0,0,0,1
589,590,110,135,60,50,65,88,0,0,0,0,0,0,0,0,0,0,1,0,0,0,0,0,1,0,0
590,591,103,60,86,60,86,50,0,0,0,0,0,0,0,0,0,0,0,0,1,0,0,0,0,0,1
591,592,103,60,126,80,126,50,0,0,0,0,1,0,0,0,0,0,0,0,1,0,0,0,0,0,0
592,593,75,80,55,25,35,35,0,0,0,0,0,1,0,0,0,0,0,0,0,0,0,0,0,0,1
593,594,85,105,85,40,50,40,0,0,0,0,0,1,0,0,0,0,0,0,0,0,0,0,0,0,1
594,595,105,140,95,55,65,45,0,0,0,0,0,1,0,0,0,0,0,0,0,0,0,0,0,0,1
595,596,50,50,40,50,40,64,0,0,0,0,0,0,0,0,0,0,0,0,0,0,0,0,0,1,1
596,597,75,65,55,65,55,69,0,0,0,0,0,0,0,0,0,0,1,0,0,0,0,0,0,1,0
597,598,105,95,75,85,75,74,0,0,0,0,0,0,0,0,0,0,1,0,0,0,0,0,0,1,0
598,599,120,100,85,30,85,45,0,0,0,0,0,1,0,0,0,0,0,0,0,0,0,0,0,0,1
599,600,75,125,75,30,75,85,0,0,0,0,0,1,0,0,0,0,0,0,0,0,0,0,0,0,1
600,601,45,53,70,40,60,42,1,0,0,0,0,0,0,0,0,1,0,0,0,0,0,0,0,0,0
601,602,55,63,90,50,80,42,1,0,0,0,0,0,0,0,0,1,0,0,0,0,0,0,0,0,0
602,603,75,103,80,70,80,92,1,0,0,0,0,0,0,0,0,1,0,0,0,0,0,0,0,0,0
603,604,30,45,59,30,39,57,1,0,0,0,0,0,0,0,0,0,0,0,0,1,0,0,0,0,0
604,605,40,55,99,40,79,47,1,0,0,0,0,0,0,0,0,0,0,0,0,1,0,0,0,0,0
605,606,60,100,89,55,69,112,1,0,0,0,0,0,0,0,0,0,0,0,0,1,0,0,0,0,0
606,607,40,27,60,37,50,66,0,0,0,0,1,0,0,0,0,1,0,0,0,0,0,0,0,0,0
607,608,60,67,85,77,75,116,0,0,0,0,1,0,0,0,0,1,0,0,0,0,0,0,0,0,0
608,609,45,35,50,70,50,30,0,0,0,0,0,0,0,0,0,1,0,0,0,0,0,0,0,0,1
609,610,70,60,75,110,75,90,0,0,0,0,0,0,0,0,0,1,0,0,0,0,0,0,0,0,1
610,611,70,92,65,80,55,98,0,0,0,0,0,0,0,0,0,0,0,0,0,0,0,0,0,1,1
611,612,50,72,35,35,35,65,0,1,0,0,0,0,0,0,0,0,1,0,0,0,0,0,0,0,0
612,613,60,82,45,45,45,74,0,1,0,0,0,0,0,0,0,0,1,0,0,0,0,0,0,0,0
613,614,95,117,80,65,70,92,0,1,0,0,0,0,0,0,0,0,1,0,0,0,0,0,0,0,0
614,615,70,90,45,15,45,50,0,0,0,0,0,0,1,0,0,0,0,0,0,0,0,0,0,0,1
615,616,105,140,55,30,55,95,0,0,0,0,0,0,1,0,0,0,0,0,0,0,0,0,0,0,1
616,617,105,30,105,140,105,55,0,0,0,0,0,0,1,0,0,0,0,0,0,0,1,0,0,0,0
617,618,75,86,67,106,67,60,0,0,0,0,0,0,0,0,0,1,0,0,0,0,0,0,0,0,1
618,619,50,65,85,35,35,55,1,0,0,0,0,0,0,0,0,0,0,0,0,0,0,1,0,0,0
619,620,70,95,125,65,75,45,1,0,0,0,0,0,0,0,0,0,0,0,0,0,0,1,0,0,0
620,621,50,75,70,35,70,48,0,1,0,0,0,1,0,0,0,0,0,0,0,0,0,0,0,0,0
621,622,65,90,115,45,115,58,0,1,0,0,0,1,0,0,0,0,0,0,0,0,0,0,0,0,0
622,623,72,58,80,103,80,97,0,0,0,0,0,0,0,1,0,0,0,0,0,0,1,0,0,0,0
623,624,38,30,85,55,65,30,0,0,0,0,0,0,0,0,1,0,0,0,0,0,0,0,0,0,1
624,625,58,50,145,95,105,30,0,0,0,0,0,0,0,0,1,0,0,0,0,0,0,0,0,0,1
625,626,54,78,103,53,45,22,0,0,0,0,0,0,0,0,0,0,0,0,0,0,0,1,0,1,0
626,627,74,108,133,83,65,32,0,0,0,0,0,0,0,0,0,0,0,0,0,0,0,1,0,1,0
627,628,55,112,45,74,45,70,0,0,0,0,0,0,0,1,0,0,0,0,0,0,0,1,0,0,0
628,629,75,140,65,112,65,110,0,0,0,0,0,0,0,1,0,0,0,0,0,0,0,1,0,0,0
629,630,50,50,62,40,62,65,0,0,0,0,0,0,0,0,0,0,0,0,0,1,0,0,0,0,1
630,631,80,95,82,60,82,75,0,0,0,0,0,0,0,0,0,0,0,0,0,1,0,0,0,0,1
631,632,40,65,40,80,40,65,0,1,0,0,0,0,0,0,0,0,0,0,0,0,0,0,0,0,1
632,633,60,105,60,120,60,105,0,1,0,0,0,0,0,0,0,0,0,0,0,0,0,0,0,0,1
633,634,55,50,40,40,40,75,0,0,0,0,0,0,0,0,0,0,0,0,1,0,0,0,0,0,1
634,635,75,95,60,65,60,115,0,0,0,0,0,0,0,0,0,0,0,0,1,0,0,0,0,0,1
635,636,45,30,50,55,65,45,0,0,0,0,0,0,0,0,0,0,0,0,0,0,1,0,0,0,1
636,637,60,45,70,75,85,55,0,0,0,0,0,0,0,0,0,0,0,0,0,0,1,0,0,0,1
637,638,70,55,95,95,110,65,0,0,0,0,0,0,0,0,0,0,0,0,0,0,1,0,0,0,1
638,639,45,30,40,105,50,20,0,0,0,0,0,0,0,0,0,0,0,0,0,0,1,0,0,0,1
639,640,65,40,50,125,60,30,0,0,0,0,0,0,0,0,0,0,0,0,0,0,1,0,0,0,1
640,641,110,65,75,125,85,30,0,0,0,0,0,0,0,0,0,0,0,0,0,0,1,0,0,0,1
641,642,62,44,50,44,50,55,0,0,0,0,0,0,0,1,0,0,0,0,0,0,0,0,0,1,0
642,643,75,87,63,87,63,98,0,0,0,0,0,0,0,1,0,0,0,0,0,0,0,0,0,1,0
643,644,36,50,50,65,60,44,0,0,0,0,0,0,0,0,0,0,0,1,0,0,0,0,0,0,1
644,645,51,65,65,80,75,59,0,0,0,0,0,0,0,0,0,0,0,1,0,0,0,0,0,0,1
645,646,71,95,85,110,95,79,0,0,0,0,0,0,0,0,0,0,0,1,0,0,0,0,0,0,1
646,647,60,60,50,40,50,75,0,0,0,0,0,0,0,0,0,1,0,0,1,0,0,0,0,0,0
647,648,80,100,70,60,70,95,0,0,0,0,0,0,0,0,0,1,0,0,1,0,0,0,0,0,0
648,649,55,75,60,75,60,103,0,0,0,1,0,0,0,1,0,0,0,0,0,0,0,0,0,0,0
649,650,50,75,45,40,45,60,1,0,0,0,0,0,0,0,0,0,0,0,0,0,0,0,0,0,1
650,651,70,135,105,60,105,20,1,0,0,0,0,0,0,0,0,0,0,0,0,0,0,0,1,0,0
651,652,69,55,45,55,55,15,0,0,0,0,0,0,0,0,0,1,0,0,0,1,0,0,0,0,0
652,653,114,85,70,85,80,30,0,0,0,0,0,0,0,0,0,1,0,0,0,1,0,0,0,0,0
653,654,55,40,50,65,85,40,0,0,0,0,0,0,0,0,1,0,0,0,0,0,0,0,0,1,0
654,655,100,60,70,85,105,60,0,0,0,0,0,0,0,0,1,0,0,0,0,0,0,0,0,1,0
655,656,165,75,80,40,45,65,0,0,0,0,0,0,0,0,0,0,0,0,0,0,0,0,0,1,1
656,657,50,47,50,57,50,65,1,0,0,1,0,0,0,0,0,0,0,0,0,0,0,0,0,0,0
657,658,70,77,60,97,60,108,1,0,0,1,0,0,0,0,0,0,0,0,0,0,0,0,0,0,0
658,659,44,50,91,24,86,10,0,0,0,0,0,0,0,0,0,1,0,0,0,0,0,0,1,0,0
659,660,74,94,131,54,116,20,0,0,0,0,0,0,0,0,0,1,0,0,0,0,0,0,1,0,0
660,661,40,55,70,45,60,30,0,0,0,0,0,0,0,0,0,0,0,0,0,0,0,0,1,0,1
661,662,60,80,95,70,85,50,0,0,0,0,0,0,0,0,0,0,0,0,0,0,0,0,1,0,1
662,663,60,100,115,70,85,90,0,0,0,0,0,0,0,0,0,0,0,0,0,0,0,0,1,0,1
663,664,35,55,40,45,40,60,0,0,0,1,0,0,0,0,0,0,0,0,0,0,0,0,0,0,1
664,665,65,85,70,75,70,40,0,0,0,1,0,0,0,0,0,0,0,0,0,0,0,0,0,0,1
665,666,85,115,80,105,80,50,0,0,0,1,0,0,0,0,0,0,0,0,0,0,0,0,0,0,1
666,667,55,55,55,85,55,30,0,0,0,0,0,0,0,0,0,0,0,0,0,0,1,0,0,0,1
667,668,75,75,75,125,95,40,0,0,0,0,0,0,0,0,0,0,0,0,0,0,1,0,0,0,1
668,669,50,30,55,65,55,20,0,0,0,0,0,0,1,0,1,0,0,0,0,0,0,0,0,0,0
669,670,60,40,60,95,60,55,0,0,0,0,0,0,1,0,1,0,0,0,0,0,0,0,0,0,0
670,671,60,55,90,145,90,80,0,0,0,0,0,0,1,0,1,0,0,0,0,0,0,0,0,0,0
671,672,46,87,60,30,40,57,0,0,1,0,0,0,0,0,0,0,0,0,0,0,0,0,0,0,1
672,673,66,117,70,40,50,67,0,0,1,0,0,0,0,0,0,0,0,0,0,0,0,0,0,0,1
673,674,76,147,90,60,70,97,0,0,1,0,0,0,0,0,0,0,0,0,0,0,0,0,0,0,1
674,675,55,70,40,60,40,40,0,0,0,0,0,0,0,0,0,0,0,1,0,0,0,0,0,0,1
675,676,95,110,80,70,80,50,0,0,0,0,0,0,0,0,0,0,0,1,0,0,0,0,0,0,1
676,677,70,50,30,95,135,105,0,0,0,0,0,0,0,0,0,0,0,1,0,0,0,0,0,0,1
677,678,50,40,85,40,65,25,1,0,0,0,0,0,0,0,0,0,0,0,0,0,0,0,0,0,1
678,679,80,70,40,100,60,145,1,0,0,0,0,0,0,0,0,0,0,0,0,0,0,0,0,0,1
679,680,109,66,84,81,99,32,0,0,0,1,0,0,0,0,0,0,1,0,0,0,0,0,0,0,0
680,681,45,85,50,55,50,65,0,0,0,0,0,1,0,0,0,0,0,0,0,0,0,0,0,0,1
681,682,65,125,60,95,60,105,0,0,0,0,0,1,0,0,0,0,0,0,0,0,0,0,0,0,1
682,683,77,120,90,60,90,48,0,0,1,0,0,0,0,0,0,0,0,0,0,0,0,0,0,0,1
683,684,59,74,50,35,50,35,0,0,0,0,0,0,0,0,1,0,1,0,0,0,0,0,0,0,0
684,685,89,124,80,55,80,55,0,0,0,0,0,0,0,0,1,0,1,0,0,0,0,0,0,0,0
685,686,45,85,70,40,40,60,0,1,0,0,0,0,0,0,0,0,0,0,0,0,0,0,1,0,0
686,687,65,125,100,60,70,70,0,1,0,0,0,0,0,0,0,0,0,0,0,0,0,0,1,0,0
687,688,95,110,95,40,95,55,0,0,0,0,0,0,0,0,0,0,0,0,1,0,0,0,0,0,1
688,689,70,83,50,37,50,60,0,0,0,0,0,0,0,1,0,0,0,0,1,0,0,0,0,0,0
689,690,100,123,75,57,75,80,0,0,0,0,0,0,0,1,0,0,0,0,1,0,0,0,0,0,0
690,691,70,55,75,45,65,60,0,1,0,0,0,0,0,1,0,0,0,0,0,0,0,0,0,0,0
691,692,110,65,105,55,95,80,0,1,0,0,0,0,0,1,0,0,0,0,0,0,0,0,0,0,0
692,693,85,97,66,105,66,65,0,0,0,0,0,0,1,0,0,0,0,0,0,0,0,0,0,0,1
693,694,58,109,112,48,48,109,1,0,0,0,0,0,0,0,0,0,0,0,0,0,0,0,1,0,0
694,695,52,65,50,45,50,38,0,1,1,0,0,0,0,0,0,0,0,0,0,0,0,0,0,0,0
695,696,72,85,70,65,70,58,0,1,1,0,0,0,0,0,0,0,0,0,0,0,0,0,0,0,0
696,697,92,105,90,125,90,98,0,1,1,0,0,0,0,0,0,0,0,0,0,0,0,0,0,0,0
697,698,55,85,55,50,55,60,1,0,0,0,0,0,1,0,0,0,0,0,0,0,0,0,0,0,0
698,699,85,60,65,135,105,100,1,0,0,0,0,0,1,0,0,0,0,0,0,0,0,0,0,0,0
699,700,91,90,129,90,72,108,0,0,0,0,0,1,0,0,0,0,0,0,0,0,0,0,1,0,0
700,701,91,129,90,72,90,108,0,0,0,0,0,1,0,0,0,0,0,0,0,0,0,1,0,0,0
701,702,91,90,72,90,129,108,0,0,0,0,0,1,0,0,0,1,0,0,0,0,0,0,0,0,0
702,703,79,115,70,125,80,111,0,0,0,0,0,0,0,1,0,0,0,0,0,0,0,0,0,0,1
703,704,79,100,80,110,90,121,0,0,0,0,0,0,0,1,0,0,0,0,0,0,0,0,0,0,1
704,705,79,115,70,125,80,111,0,0,0,1,0,0,0,1,0,0,0,0,0,0,0,0,0,0,0
705,706,79,105,70,145,80,101,0,0,0,1,0,0,0,1,0,0,0,0,0,0,0,0,0,0,0
706,707,100,120,100,150,120,90,0,0,1,0,0,0,1,0,0,0,0,0,0,0,0,0,0,0,0
707,708,100,150,120,120,100,90,0,0,1,1,0,0,0,0,0,0,0,0,0,0,0,0,0,0,0
708,709,89,125,90,115,80,101,0,0,0,0,0,0,0,1,0,0,1,0,0,0,0,0,0,0,0
709,710,89,145,90,105,80,91,0,0,0,0,0,0,0,1,0,0,1,0,0,0,0,0,0,0,0
710,711,125,130,90,130,90,95,0,0,1,0,0,0,0,0,0,0,0,1,0,0,0,0,0,0,0
711,712,125,170,100,120,90,95,0,0,1,0,0,0,0,0,0,0,0,1,0,0,0,0,0,0,0
712,713,125,120,90,170,100,95,0,0,1,0,0,0,0,0,0,0,0,1,0,0,0,0,0,0,0
713,714,91,72,90,129,90,108,0,0,0,0,0,1,0,0,0,0,0,0,0,0,0,0,0,1,0
714,715,91,72,90,129,90,108,0,0,0,0,0,1,0,0,0,0,0,0,0,0,0,0,0,1,0
715,716,100,77,77,128,128,90,0,0,0,0,0,0,0,0,0,0,0,0,1,0,1,0,0,0,0
716,717,100,128,90,77,77,128,0,0,0,0,0,1,0,0,0,0,0,0,1,0,0,0,0,0,0
717,718,71,120,95,120,95,99,1,0,0,0,0,0,0,0,0,0,0,0,0,0,0,0,1,0,0
718,719,56,61,65,48,45,38,0,0,0,0,0,0,0,0,0,1,0,0,0,0,0,0,0,0,1
719,720,61,78,95,56,58,57,0,0,0,0,0,0,0,0,0,1,0,0,0,0,0,0,0,0,1
720,721,88,107,122,74,75,64,0,0,0,0,0,1,0,0,0,1,0,0,0,0,0,0,0,0,0
721,722,40,45,40,62,60,60,0,0,0,0,0,0,1,0,0,0,0,0,0,0,0,0,0,0,1
722,723,59,59,58,90,70,73,0,0,0,0,0,0,1,0,0,0,0,0,0,0,0,0,0,0,1
723,724,75,69,72,114,100,104,0,0,0,0,0,0,1,0,0,0,0,0,0,0,1,0,0,0,0
724,725,41,56,40,62,44,71,0,0,0,0,0,0,0,0,0,0,0,0,0,0,0,0,0,1,1
725,726,54,63,52,83,56,97,0,0,0,0,0,0,0,0,0,0,0,0,0,0,0,0,0,1,1
726,727,72,95,67,103,71,122,0,1,0,0,0,0,0,0,0,0,0,0,0,0,0,0,0,1,0
727,728,38,36,38,32,36,57,0,0,0,0,0,0,0,0,0,0,0,0,1,0,0,0,0,0,1
728,729,85,56,77,50,77,78,0,0,0,0,0,0,0,0,0,0,1,0,1,0,0,0,0,0,0
729,730,45,50,43,40,38,62,0,0,0,0,0,0,0,1,0,0,0,0,1,0,0,0,0,0,0
730,731,62,73,55,56,52,84,0,0,0,0,0,0,1,1,0,0,0,0,0,0,0,0,0,0,0
731,732,78,81,71,74,69,126,0,0,0,0,0,0,1,1,0,0,0,0,0,0,0,0,0,0,0
732,733,38,35,40,27,25,35,1,0,0,0,0,0,0,0,0,0,0,0,0,0,0,0,0,0,1
733,734,45,22,60,27,30,29,1,0,0,0,0,0,0,0,0,0,0,0,0,0,0,0,0,0,1
734,735,80,52,50,90,50,89,1,0,0,0,0,0,0,1,0,0,0,0,0,0,0,0,0,0,0
735,736,62,50,58,73,54,72,0,0,0,0,0,0,1,0,0,0,0,0,1,0,0,0,0,0,0
736,737,86,68,72,109,66,106,0,0,0,0,0,0,1,0,0,0,0,0,1,0,0,0,0,0,0
737,738,44,38,39,61,79,42,0,0,0,0,1,0,0,0,0,0,0,0,0,0,0,0,0,0,1
738,739,54,45,47,75,98,52,0,0,0,0,1,0,0,0,0,0,0,0,0,0,0,0,0,0,1
739,740,78,65,68,112,154,75,0,0,0,0,1,0,0,0,0,0,0,0,0,0,0,0,0,0,1
740,741,66,65,48,62,57,52,0,0,0,0,0,0,0,0,0,1,0,0,0,0,0,0,0,0,1
741,742,123,100,62,97,81,68,0,0,0,0,0,0,0,0,0,1,0,0,0,0,0,0,0,0,1
742,743,67,82,62,46,48,43,0,0,0,0,0,1,0,0,0,0,0,0,0,0,0,0,0,0,1
743,744,95,124,78,69,71,58,0,1,0,0,0,1,0,0,0,0,0,0,0,0,0,0,0,0,0
744,745,75,80,60,65,90,102,0,0,0,0,0,0,0,0,0,0,0,0,1,0,0,0,0,0,1
745,746,62,48,54,63,60,68,0,0,0,0,0,0,0,0,0,0,0,0,0,0,1,0,0,0,1
746,747,74,48,76,83,81,104,0,0,0,0,0,0,0,0,0,0,0,0,0,0,1,0,0,0,1
747,748,74,48,76,83,81,104,0,0,0,0,0,0,0,0,0,0,0,0,0,0,1,0,0,0,1
748,749,45,80,100,35,37,28,0,0,0,0,0,0,0,0,1,0,0,0,0,0,0,0,1,0,0
749,750,59,110,150,45,49,35,0,0,0,0,0,0,0,0,1,0,0,0,0,0,0,0,1,0,0
750,751,60,150,50,150,50,60,0,0,0,0,0,0,0,0,1,0,0,0,0,0,0,0,1,0,0
751,752,60,50,150,50,150,60,0,0,0,0,0,0,0,0,1,0,0,0,0,0,0,0,1,0,0
752,753,78,52,60,63,65,23,0,0,0,0,1,0,0,0,0,0,0,0,0,0,0,0,0,0,1
753,754,101,72,72,99,89,29,0,0,0,0,1,0,0,0,0,0,0,0,0,0,0,0,0,0,1
754,755,62,48,66,59,57,49,0,0,0,0,1,0,0,0,0,0,0,0,0,0,0,0,0,0,1
755,756,82,80,86,85,75,72,0,0,0,0,1,0,0,0,0,0,0,0,0,0,0,0,0,0,1
756,757,53,54,53,37,46,45,0,1,0,0,0,0,0,0,0,0,0,0,0,0,1,0,0,0,0
757,758,86,92,88,68,75,73,0,1,0,0,0,0,0,0,0,0,0,0,0,0,1,0,0,0,0
758,759,42,52,67,39,56,50,0,0,0,0,0,0,0,0,0,0,0,0,0,0,0,1,0,1,0
759,760,72,105,115,54,86,68,0,0,0,0,0,0,0,0,0,0,0,0,0,0,0,1,0,1,0
760,761,50,60,60,60,60,30,0,0,0,0,0,0,0,0,0,0,0,0,0,1,0,0,0,1,0
761,762,65,75,90,97,123,44,0,0,1,0,0,0,0,0,0,0,0,0,0,1,0,0,0,0,0
762,763,50,53,62,58,63,44,0,0,0,0,0,0,0,0,0,0,0,0,0,0,0,0,0,1,1
763,764,71,73,88,120,89,59,0,0,0,0,0,0,0,0,0,0,0,0,0,0,0,0,0,1,1
764,765,44,38,33,61,43,70,0,0,0,1,0,0,0,0,0,0,0,0,1,0,0,0,0,0,0
765,766,62,55,52,109,94,109,0,0,0,1,0,0,0,0,0,0,0,0,1,0,0,0,0,0,0
766,767,58,89,77,45,45,48,0,0,1,0,0,0,0,0,0,0,0,0,0,0,0,1,0,0,0
767,768,82,121,119,69,59,71,0,0,1,0,0,0,0,0,0,0,0,0,0,0,0,1,0,0,0
768,769,77,59,50,67,63,46,0,0,0,0,0,0,0,0,0,0,0,1,0,0,0,1,0,0,0
769,770,123,77,72,99,92,58,0,0,0,0,0,0,0,0,0,0,0,1,0,0,0,1,0,0,0
770,771,95,65,65,110,130,60,0,0,0,0,1,0,0,0,0,0,0,0,0,0,0,0,0,0,1
771,772,78,92,75,74,63,118,0,0,0,0,0,1,0,1,0,0,0,0,0,0,0,0,0,0,0
772,773,67,58,57,81,67,101,0,0,0,1,1,0,0,0,0,0,0,0,0,0,0,0,0,0,0
773,774,50,50,150,50,150,50,0,0,0,0,1,0,0,0,0,0,0,0,0,0,0,1,0,0,0
774,775,45,50,35,55,75,40,0,0,1,0,0,0,0,0,0,0,0,0,0,0,0,0,0,0,1
775,776,68,75,53,83,113,60,0,0,1,0,0,0,0,0,0,0,0,0,0,0,0,0,0,0,1
776,777,90,100,70,110,150,80,0,0,1,0,0,0,0,0,0,0,0,0,0,0,0,0,0,0,1
777,778,57,80,91,80,87,75,0,0,0,0,1,0,0,0,0,0,0,0,0,0,0,0,1,0,0
778,779,43,70,48,50,60,38,0,0,0,0,0,0,0,0,1,1,0,0,0,0,0,0,0,0,0
779,780,85,110,76,65,82,56,0,0,0,0,0,0,0,0,1,1,0,0,0,0,0,0,0,0,0
780,781,49,66,70,44,55,51,0,0,0,0,0,0,0,0,1,1,0,0,0,0,0,0,0,0,0
781,782,44,66,70,44,55,56,0,0,0,0,0,0,0,0,1,1,0,0,0,0,0,0,0,0,0
782,783,54,66,70,44,55,46,0,0,0,0,0,0,0,0,1,1,0,0,0,0,0,0,0,0,0
783,784,59,66,70,44,55,41,0,0,0,0,0,0,0,0,1,1,0,0,0,0,0,0,0,0,0
784,785,65,90,122,58,75,84,0,0,0,0,0,0,0,0,1,1,0,0,0,0,0,0,0,0,0
785,786,55,85,122,58,75,99,0,0,0,0,0,0,0,0,1,1,0,0,0,0,0,0,0,0,0
786,787,75,95,122,58,75,69,0,0,0,0,0,0,0,0,1,1,0,0,0,0,0,0,0,0,0
787,788,85,100,122,58,75,54,0,0,0,0,0,0,0,0,1,1,0,0,0,0,0,0,0,0,0
788,789,55,69,85,32,35,28,0,0,0,0,0,0,0,0,0,0,0,1,0,0,0,0,0,0,1
789,790,95,117,184,44,46,28,0,0,0,0,0,0,0,0,0,0,0,1,0,0,0,0,0,0,1
790,791,40,30,35,45,40,55,0,0,1,0,0,0,0,1,0,0,0,0,0,0,0,0,0,0,0
791,792,85,70,80,97,80,123,0,0,1,0,0,0,0,1,0,0,0,0,0,0,0,0,0,0,0
792,793,126,131,95,131,98,99,0,0,0,0,1,0,0,0,0,0,0,0,0,0,0,0,0,0,1
793,794,126,131,95,131,98,99,0,1,0,0,0,0,0,1,0,0,0,0,0,0,0,0,0,0,0
794,795,108,100,121,81,95,95,0,0,1,0,0,0,0,0,0,0,1,0,0,0,0,0,0,0,0
795,796,50,100,150,100,150,50,0,0,0,0,1,0,0,0,0,0,0,0,0,0,0,1,0,0,0
796,797,50,160,110,160,110,110,0,0,0,0,1,0,0,0,0,0,0,0,0,0,0,1,0,0,0
797,798,80,110,60,150,130,70,0,0,0,0,0,0,0,0,1,0,0,0,0,0,1,0,0,0,0
798,799,80,160,60,170,130,80,0,1,0,0,0,0,0,0,0,0,0,0,0,0,1,0,0,0,0
799,800,80,110,120,130,90,70,0,0,0,0,0,0,1,0,0,0,0,0,0,0,0,0,0,1,0
